"Name","adamw_lr","adamw_weight_decay","alpha","muon_lr","muon_momentum","muon_weight_decay","test/accuracy","test/combined_score","test/macro_f1","test/pearson","test/weighted_f1","train/batch_perplexity","train/loss","train/raw_grad_norm","val/accuracy","val/combined_score","val/macro_f1","val/pearson","val/weighted_f1"
"comic-sweep-78","0.0017059170792647364","0.051715882503894056","0.05807306958491688","0.00034333641467128794","0.9697002080225736","0.032576766414073824","0.8759894459102903","0.8823352375764775","0.8679233524027792","0.8886810292426647","0.8759724998762461","1.2002301216125488","0.18251334130764008","7.041664384539733","0.846","0.8639957990079372","0.8430539588752235","0.8819915980158743","0.8465235965447481"
"cosmic-sweep-50","0.0016540742075134523","0.04764786267248204","0.04831746457117703","0.00033907047837832975","0.9724695461843612","0.04757990230943964","0.8770042622285367","0.8810314003704449","0.8699714668829425","0.885058538512353","0.8770195068615103","1.2606583833694458","0.23163416981697085","7.421241879838156","0.842","0.8596258866294144","0.8405691746897435","0.877251773258829","0.8426782375201737"
"worthy-sweep-45","0.001235294493698666","0.03917090157733482","0.0626969996688749","0.00034573090125938227","0.9722373517478688","0.031535028039954595","0.8729449969555511","0.8809473712595945","0.8664485938592502","0.8889497455636379","0.8731682295475357","1.131889581680298","0.12388849258422852","4.537749937492124","0.852","0.8674352785923674","0.8454287952181955","0.8828705571847347","0.8530671821436344"
"whole-sweep-43","0.001202882580404435","0.0447595242709866","0.12202687086395904","0.0003599610992680504","0.9716926233384988","0.024260744360204815","0.8727420336919017","0.8807810641400584","0.8669733405067337","0.8888200945882152","0.8730072067604955","1.1373350620269775","0.12868784368038175","4.8826197605726875","0.854","0.8685616149429334","0.8481980607419709","0.8831232298858669","0.8551333205594942"
"dry-sweep-95","0.0016064203464219095","0.04283370379274543","0.046419365120255046","0.0004721658366465088","0.9726059557795949","0.06512882124251833","0.8741627765374467","0.8804855216291578","0.8667582848836067","0.8868082667208689","0.8742997357193798","1.1800707578659058","0.16557446122169495","8.36262272447934","0.862","0.8732099786752137","0.8590514354043067","0.8844199573504274","0.8628318582372032"
"scarlet-sweep-68","0.0012548196265507207","0.0551898994548171","0.04574463832698399","0.00036479261729179864","0.9689493369673888","0.029385279590515793","0.872133143900954","0.8802592802662735","0.866267927322648","0.8883854166315931","0.8725625848645541","1.1174827814102173","0.1110786199569702","4.115877962702572","0.854","0.8669880788146138","0.8488073863368907","0.8799761576292277","0.855449591478545"
"sunny-sweep-93","0.0008715146709157469","0.03674844372947277","0.1005863798092402","0.0007076792987571989","0.9256696132228228","0.0384928774186107","0.8723361071646032","0.8798996544178914","0.8662017294266646","0.8874632016711795","0.8726113798759947","1.2003358602523804","0.1826014369726181","8.042942801854641","0.866","0.8745830485867275","0.8649345273346135","0.8831660971734551","0.8669426183084185"
"jolly-sweep-69","0.0018043131395834632","0.04292077274713588","0.03762676336197554","0.00036978831563702906","0.9715860006863822","0.05574194674364149","0.8735538867464989","0.8798152384896538","0.8664386161573215","0.8860765902328086","0.8738804120431869","1.1755682229995728","0.16175168752670288","8.505714821572193","0.856","0.8684173371331523","0.8512846909416337","0.8808346742663046","0.8571380991062282"
"frosty-sweep-28","0.001170826737352558","0.04342306729585001","0.1194936989177588","0.0004010009294899266","0.9554047127004676","0.039198361695873034","0.8707124010554089","0.8797428353452166","0.8655956064471827","0.8887732696350243","0.8711468992235333","1.11827552318573","0.11178775131702424","3.9293958850586206","0.85","0.8663245505881585","0.8435524839033611","0.8826491011763171","0.851156831472621"
"chocolate-sweep-37","0.0013213525972691812","0.04445685907592562","0.1481798472704188","0.000383234850492211","0.9635904422647792","0.041612284014753254","0.8709153643190582","0.8796027104847561","0.8649919284833288","0.8882900566504539","0.8713710946262252","1.1315841674804688","0.12361857295036316","5.368544561629605","0.85","0.8655138538215421","0.844021711754055","0.8810277076430841","0.8511431388437718"
"lilac-sweep-120","0.001350900072178446","0.0361511062772447","0.1101320568157575","0.0003859061854294881","0.9682043991741024","0.028775594742330865","0.8719301806373047","0.8795104290519459","0.8665934494830058","0.8870906774665871","0.8724976306135169","1.1295512914657593","0.12182051688432692","5.81202872126239","0.85","0.8665167529564379","0.84879823671139","0.8830335059128759","0.8513375355714962"
"driven-sweep-62","0.0012140748017463604","0.037753143843462705","0.11160889857393128","0.0003079725603009989","0.9640763112877586","0.0274551875334255","0.8707124010554089","0.8794664806677175","0.8644400453834594","0.888220560280026","0.8712665937710659","1.132346510887146","0.12429211288690568","4.387871759365682","0.858","0.8704905991480199","0.8524530279948236","0.8829811982960398","0.8593245663177552"
"amber-sweep-79","0.001226600563080736","0.05434379386744869","0.07349029136195183","0.0003168648956409182","0.9649092300294192","0.0248811716313009","0.8703064745281104","0.8794502662222904","0.8645991566613122","0.8885940579164704","0.8708804468926592","1.1316174268722534","0.1236480474472046","4.646955955026666","0.858","0.8704432762638862","0.8524530279948236","0.8828865525277724","0.8593245663177552"
"twilight-sweep-7","0.0010767215865938658","0.049740868514963656","0.12478541973780129","0.000537862442361694","0.92911219929699","0.032961208334992914","0.8705094377917597","0.8793044827241441","0.8640525634504043","0.8880995276565284","0.8709506771350847","1.107651710510254","0.10224220156669615","4.3041052277507035","0.862","0.8731829402672593","0.855762767814885","0.8843658805345186","0.8630273830404124"
"drawn-sweep-47","0.0018538396462803792","0.04902283818644779","0.05831928633546741","0.0003242491636147382","0.9704279046007368","0.0328112588620251","0.8725390704282525","0.8792868419837431","0.8657537595140218","0.8860346135392336","0.8729342071149003","1.1995733976364136","0.18196597695350647","8.038870819566954","0.848","0.8641008149798501","0.8450947658172746","0.8802016299597003","0.8491756579268328"
"playful-sweep-15","0.0012709980991458562","0.04064582440111099","0.12948134107979994","0.0005551390183785994","0.9401804021087042","0.039280990501583374","0.8725390704282525","0.8792105587807459","0.8648423205214688","0.8858820471332394","0.8728024464184087","1.1287333965301514","0.1210961639881134","6.246085113453456","0.858","0.8684669787630364","0.8529579685573676","0.8789339575260727","0.8586736616769538"
"ethereal-sweep-110","0.0017643099107538156","0.04660629322117717","0.028255063648634587","0.0003238181574121764","0.9656615211645196","0.0804061066775219","0.8715242541100061","0.879042642891698","0.866228038446","0.88656103167339","0.8721890177967271","1.1642544269561768","0.15208084881305697","7.461141910370675","0.856","0.8674192226023363","0.8531396506763942","0.8788384452046727","0.8574328810538487"
"pious-sweep-97","0.0016279535099247857","0.04317487040905128","0.0341102951189041","0.0005746391525920633","0.9721494237282008","0.08201356170773393","0.8715242541100061","0.8789588487813426","0.8670408237950312","0.886393443452679","0.8722470738257703","1.085302472114563","0.08185866475105286","3.0861345900365076","0.848","0.8654820551353966","0.8499911273305223","0.882964110270793","0.8495481303742338"
"volcanic-sweep-46","0.001690059163963869","0.03082106878633292","0.05973016743960766","0.0004229838701966995","0.970962573310168","0.03208715201678725","0.8674649888370205","0.8787070838420451","0.8621858585042902","0.8899491788470697","0.868214642272143","1.0997800827026367","0.0951102450489998","4.279094820971635","0.84","0.8620477829483773","0.8380898253021015","0.8840955658967544","0.8417267892664312"
"iconic-sweep-40","0.0008881700109076606","0.03934852134135594","0.10560144018767856","0.00033994592240526895","0.9638693733767936","0.029383959552723268","0.8707124010554089","0.8786734790259462","0.8640123107657214","0.8866345569964834","0.871183192422921","1.122763991355896","0.11579348146915436","4.2660804612996595","0.854","0.8693920962871909","0.8498804260488425","0.8847841925743819","0.8549140895433721"
"faithful-sweep-49","0.0012855274974818032","0.04035543344079304","0.0923842594929204","0.0003252509195972045","0.9609494665212532","0.04576854597620574","0.8705094377917597","0.8786490700324813","0.8635896390534031","0.8867887022732028","0.8708515798302693","1.0827479362487793","0.07950219511985779","3.439123966265156","0.858","0.8685015032525198","0.857271588346507","0.8790030065050396","0.8592023726111022"
"solar-sweep-24","0.00106962247002295","0.03975270377519037","0.09808835307451812","0.00046535124220433474","0.9284247293363652","0.041835418237019105","0.8694946214735133","0.8785055219223755","0.8635973529626829","0.8875164223712377","0.8701481535221312","1.095866084098816","0.09154503792524338","3.615662273845514","0.858","0.8696854329092922","0.852017402017402","0.8813708658185844","0.8592205128205128"
"comic-sweep-1","0.0014950045664368391","0.03430017960772106","0.08773811779686681","0.00031293329941540815","0.927636819664453","0.031040922258017245","0.8688857316825654","0.8783212349589335","0.8637528440994823","0.8877567382353018","0.8695846593050397","1.1098655462265017","0.10423889756202698","3.769443371584474","0.858","0.8708334454751006","0.8550223370060891","0.8836668909502012","0.8592608015828552"
"playful-sweep-10","0.0011551456812424418","0.05426497813286455","0.11587733465274966","0.00031642686699474766","0.9436960710116364","0.037386877397530514","0.8688857316825654","0.8782864521636174","0.863434308240849","0.8876871726446695","0.8697126046035744","1.1351845264434814","0.1267952024936676","4.393093816535288","0.856","0.8702589041457767","0.8542749231296286","0.8845178082915532","0.857380667154464"
"swept-sweep-39","0.001552536420415621","0.044387169490895224","0.1434426148490094","0.0005447185736000518","0.9713873327978708","0.026380723482952975","0.8723361071646032","0.8782072175853755","0.8655793015775194","0.8840783280061476","0.8726814178888999","1.1781530380249023","0.1639479696750641","8.509351333994168","0.856","0.8707364117540826","0.8539995986995859","0.8854728235081651","0.8567325480207402"
"dashing-sweep-54","0.00155130394198889","0.0519768503566063","0.04298179279253804","0.00036287525948501407","0.9618878622694474","0.06346253738606851","0.8705094377917597","0.878059754281897","0.8657948775060427","0.8856100707720342","0.8712439557316604","1.1872159242630005","0.17161092162132263","8.721194522203191","0.834","0.8558131187897158","0.8346292185715211","0.8776262375794315","0.8361716679671817"
"neat-sweep-21","0.0011732907978258076","0.03995332791296459","0.10743476312681734","0.0003982293331172675","0.9407019816215788","0.03636277320999975","0.8676679521006698","0.8779534741540922","0.8630065835852866","0.8882389962075145","0.8685210804289438","1.119054675102234","0.1124843806028366","4.037361220907128","0.856","0.869429671078815","0.8505645913228239","0.88285934215763","0.8573874514571159"
"drawn-sweep-106","0.0013385716607200516","0.055243706334396646","0.051080795875984304","0.0003840410741436376","0.9712088996770358","0.03314622242592792","0.8690886949462148","0.8779243975339212","0.8632333603553198","0.8867601001216275","0.8696150439898309","1.1350367069244385","0.12666496634483335","7.660329722538456","0.856","0.8679134785176288","0.8535283888082663","0.8798269570352575","0.8571888954613734"
"rich-sweep-84","0.001402454930749588","0.026901059705817992","0.1251864647337377","0.0003213647753952523","0.9294945851278086","0.03358169061009955","0.8680738786279684","0.8779008448772272","0.8620183246359298","0.887727811126486","0.8686919673926269","1.1147123575210571","0.10859648883342744","4.226446716201997","0.864","0.8732327151642825","0.8597849915669743","0.8824654303285651","0.8651146951077787"
"electric-sweep-85","0.0011460010807195686","0.0315796943195448","0.13982218254378392","0.00031205252057585066","0.9265789344208972","0.0304409449784204","0.8686827684189162","0.8777811278587341","0.8636160940622357","0.8868794872985519","0.8695456005360971","1.1257665157318115","0.11846420913934708","4.0813710745398515","0.856","0.8698315568271611","0.854147502978837","0.883663113654322","0.8576935875012514"
"zany-sweep-107","0.0011423820066278323","0.03831508561311525","0.130163013773751","0.0003249260182269435","0.96281791651199","0.048886582764868826","0.8672620255733712","0.8777411908977575","0.8620584719183414","0.8882203562221438","0.8680628963586452","1.1407952308654783","0.13172563910484314","4.51187562795335","0.854","0.8695942410797799","0.8522717689226228","0.8851884821595599","0.8554418722327641"
"polar-sweep-23","0.0007885021304951491","0.05042113057803946","0.0750793535018488","0.0006440704317565129","0.9254085648148586","0.03302372110670573","0.8676679521006698","0.8776846353930088","0.8622510455180133","0.8877013186853477","0.8683527810515235","1.1379215717315674","0.1292034387588501","8.138808899307621","0.852","0.8701309467106727","0.8492042214278636","0.8882618934213454","0.8534298874895246"
"frosty-sweep-26","0.0011468381004770204","0.05400507618085031","0.062319706669873805","0.0003440973431622384","0.94376893528161","0.03873329569410071","0.8666531357824234","0.8776259729317104","0.8615692092361261","0.8885988100809974","0.8675677441831937","1.133814811706543","0.12558788061141968","4.400174966110696","0.86","0.8722027973715283","0.8580271433300233","0.8844055947430566","0.8613866931479642"
"trim-sweep-35","0.0017267346309116924","0.0321037313056385","0.13394980466689987","0.0003196901046504212","0.9285910200831236","0.05196920817294822","0.8686827684189162","0.8776052639172877","0.8626012324723922","0.8865277594156591","0.8692628523740346","1.1440664529800415","0.1345890313386917","6.056859863925872","0.836","0.8575964310273546","0.8318819041818225","0.8791928620547093","0.8373071754649857"
"effortless-sweep-66","0.0014440150538193109","0.04344521152676312","0.03844058318011981","0.00032107371837401143","0.9631089128654008","0.04017549240008851","0.8660442459914756","0.8775949258140963","0.8611348002968762","0.8891456056367171","0.8669210636825141","1.1224932670593262","0.11555228382349014","4.46058939420024","0.856","0.8701998435045644","0.8523290718611931","0.8843996870091286","0.8574557963489403"
"deep-sweep-112","0.0006810440745328947","0.019819353394161777","0.014562478393963916","0.00039359918697962423","0.9277153454891168","0.08634373122304367","0.8699005480008118","0.8775492881483595","0.8653212786717934","0.8851980282959073","0.8705958812974786","1.1078146696090698","0.1023893505334854","5.731351905534365","0.85","0.8666611977388047","0.8482000692281066","0.8833223954776094","0.851661266874351"
"dauntless-sweep-11","0.00096019546854599","0.04338895205257069","0.14788622847102875","0.0005157664819161434","0.92554756805778","0.03697189955373896","0.8688857316825654","0.877542470219933","0.8630325924857988","0.8861992087573007","0.8695738300194308","1.0941884517669678","0.09001299738883972","4.16708208789376","0.854","0.8685588753773055","0.8521932339739199","0.8831177507546109","0.8553183690442849"
"dazzling-sweep-42","0.0008825471297272948","0.034543965180089106","0.11545299124914124","0.00036762080302032247","0.968499603742833","0.03223283566901473","0.8676679521006698","0.8775401157002669","0.8610643752552513","0.887412279299864","0.8682717449056595","1.1106040477752686","0.10490408539772034","3.810769514382555","0.86","0.8720670707103015","0.8575319166238211","0.884134141420603","0.8610206508580113"
"noble-sweep-31","0.0010717103521660383","0.04765404824203575","0.09533639912991192","0.00040947021503845346","0.928641819607036","0.026185325524630335","0.8674649888370205","0.8775378760680064","0.8615164052857293","0.8876107632989921","0.868245685367366","1.1121476888656616","0.10629298537969588","4.2069194007754245","0.848","0.8653259963576903","0.8416323216002591","0.8826519927153805","0.8493648083513736"
"radiant-sweep-6","0.0011447309615402709","0.03251863518111451","0.08327055105070155","0.00035506691080297955","0.9296414259439628","0.027924828733726988","0.8666531357824234","0.8773782781685524","0.8606479226145178","0.8881034205546813","0.8674082443495362","1.1260379552841189","0.11870523542165756","4.232520513738117","0.86","0.8723066481201284","0.8553983088562528","0.8846132962402568","0.8610329862038273"
"unique-sweep-81","0.0010189095567778915","0.04776485775841882","0.08550040303105431","0.00032044326491497847","0.9574765260972692","0.03256855292520843","0.867870915364319","0.8773671021321415","0.8620846966520297","0.886863288899964","0.8686456928222397","1.1227630376815796","0.1157926619052887","4.027904817729236","0.86","0.8728106789382215","0.8583505330424627","0.8856213578764429","0.8612110544232046"
"dainty-sweep-17","0.0013035403613770198","0.04967025500540628","0.09755430923384882","0.0007250099832022712","0.9358878822765376","0.034485270303752334","0.8680738786279684","0.87728511493121","0.8618498958128931","0.8864963512344516","0.8685809843989678","1.0974421501159668","0.09298216551542282","4.563902961925702","0.868","0.8738262854398333","0.8659776545741457","0.8796525708796666","0.8690947520315943"
"usual-sweep-18","0.001114343469069622","0.03414381775220131","0.10428959515290318","0.0004745212571897131","0.9381975825824658","0.04292730843891784","0.8664501725187741","0.8770783415257909","0.8615760523715089","0.8877065105328077","0.8673218388592111","1.1017340421676636","0.09688539057970048","3.615669897025442","0.848","0.8652359709133488","0.8426482090153463","0.8824719418266977","0.849387837323139"
"twilight-sweep-34","0.0010824202522943284","0.046626392005885656","0.12954571284580318","0.0003482054723293236","0.96078268881743","0.058016025040172337","0.8668560990460726","0.877030697357319","0.8623974000666045","0.8872052956685652","0.867711669006475","1.1299397945404053","0.12216440588235856","4.408729271134875","0.86","0.872688660139922","0.8590766968134077","0.8853773202798438","0.8614883487657646"
"helpful-sweep-105","0.0010340237604096196","0.051196092188193786","0.047348916913559504","0.000392930401730928","0.9695539418404996","0.04671908144712325","0.8672620255733712","0.8769758664845633","0.8625249698906045","0.8866897073957553","0.8680785704979407","1.1016907691955566","0.09684605896472932","3.8657533153021344","0.86","0.872342824041045","0.8575983985120033","0.88468564808209","0.861391081477278"
"zesty-sweep-36","0.0011198286207219083","0.04609354873980343","0.08313428562229944","0.0004947389597848137","0.9281012906017774","0.03772728188912992","0.867059062309722","0.8769454416099919","0.8607707146958677","0.8868318209102618","0.867763679805992","1.0985790491104126","0.0940176248550415","3.79604194095977","0.856","0.8694133893118641","0.8492193846408574","0.882826778623728","0.8570030039614001"
"fragrant-sweep-100","0.0009176945043092052","0.03224750997215477","0.05224447784487603","0.000367685142377036","0.9598816947222152","0.03099535396976622","0.8664501725187741","0.8769452181492425","0.8606639958961982","0.8874402637797109","0.8672259039892221","1.1113122701644895","0.10554154217243196","3.903070358713047","0.854","0.8687678045919598","0.8526709205784945","0.8835356091839197","0.8553988968669328"
"balmy-sweep-91","0.001565169708360887","0.025164184085322856","0.07308879291458728","0.0003762175139228036","0.9720253156661852","0.031590621966577914","0.8682768418916176","0.8768725862582938","0.8636926022518224","0.8854683306249701","0.8689317819858807","1.211120367050171","0.1915459036827087","9.757169927288732","0.842","0.8598739412145556","0.840754549914558","0.8777478824291113","0.8435446542383063"
"morning-sweep-16","0.001114204143253842","0.050219987267618976","0.13857547205511347","0.0004711945949979755","0.933365078786048","0.0358376299306533","0.8660442459914756","0.8768591713151376","0.8611335472590338","0.8876740966387996","0.8669037332319918","1.1021872758865356","0.09729663282632828","3.6359192256339217","0.848","0.8649826509272868","0.8423273373306684","0.8819653018545736","0.849560293137908"
"pretty-sweep-70","0.0009539257680206728","0.03846373436012598","0.07769270556479227","0.00037176927474760865","0.9571425357970406","0.05156405103677532","0.8676679521006698","0.8768340279698982","0.8603104549608255","0.8860001038391265","0.8682049738733363","1.151003122329712","0.14063385128974917","5.847174073821683","0.85","0.8618795212361852","0.8508390810483623","0.8737590424723702","0.8519833457413076"
"rural-sweep-64","0.0014205385618225614","0.0527648746990323","0.0522639382377709","0.0003181681336155606","0.970806938467188","0.06286723768455037","0.8658412827278262","0.8768151105365016","0.8612577932665362","0.8877889383451771","0.866808771863916","1.1126288175582886","0.10672557353973389","4.08748924082893","0.842","0.8617337017178894","0.8427995311599817","0.881467403435779","0.8439659097681627"
"splendid-sweep-56","0.0008163947758112091","0.04215500373368086","0.07957472902531454","0.00033344001202020363","0.9605917724607094","0.04216596582772283","0.8684798051552669","0.8768144362808883","0.8618057941747078","0.8851490674065096","0.8691282282288636","1.1212763786315918","0.11446765065193176","4.132467670070303","0.858","0.8709336963613263","0.8543610013050243","0.8838673927226528","0.8592023496130936"
"dandy-sweep-87","0.0007140091591275344","0.05209855696826654","0.04817276216126121","0.00042273866532421177","0.9728834935492944","0.05169830262671104","0.8684798051552669","0.8768008698684002","0.8625883169313533","0.8851219345815337","0.8690356673102396","1.0927389860153198","0.08868739008903503","3.5740359659475733","0.848","0.8673799218646123","0.8462446719446172","0.8867598437292247","0.8490978606001741"
"snowy-sweep-27","0.001412838846281245","0.042862845316752454","0.03702770964056028","0.00042618965300462097","0.9289787299046972","0.029793399229583017","0.8650294296732292","0.8767224881137283","0.858857090113636","0.8884155465542274","0.8657777714706717","1.0985528230667114","0.09399376809597015","4.574461371794192","0.852","0.8674594813952263","0.8490551218745944","0.8829189627904526","0.8529930132972731"
"serene-sweep-51","0.0010987730026518435","0.04821930185634087","0.13889029689304563","0.0003543248156077609","0.9572416180601876","0.026652888377551347","0.8658412827278262","0.8764793401596699","0.8613546339752595","0.8871173975915135","0.8668039665439998","1.1332905292510986","0.1251254677772522","4.441558282331145","0.856","0.8702660763819734","0.8550768142044648","0.8845321527639468","0.8575268117392174"
"driven-sweep-38","0.0014739058588950655","0.039236187774570774","0.07871783180412992","0.00035618288083952895","0.9449053284381652","0.034650663731778816","0.8646235031459306","0.8764496524918841","0.8593450714805831","0.8882758018378377","0.8654121592397074","1.1041021347045898","0.09903240203857422","3.770183548261003","0.858","0.8703301311557312","0.8562474836208013","0.8826602623114624","0.859394019722889"
"hopeful-sweep-90","0.00135896225102157","0.044264033864199255","0.10418214076882236","0.00033731491831673045","0.952034935942246","0.04214457879672467","0.865638319464177","0.8764493253924183","0.86162614176785","0.8872603313206595","0.8666556627980739","1.1144497394561768","0.10836078226566316","4.292279968898432","0.852","0.8670076237156545","0.8514433141677724","0.8820152474313092","0.8537937903582485"
"happy-sweep-63","0.0015490398653941286","0.05145153509826639","0.03459943640547303","0.0003795494132380026","0.9683887489233836","0.047961748909196474","0.867059062309722","0.8764252511081065","0.862617013612787","0.885791439906491","0.8678052587500924","1.2064778804779053","0.18770529329776764","9.553479748164376","0.838","0.8580072894835011","0.8385804371532881","0.8780145789670024","0.839449528234792"
"solar-sweep-58","0.0008926323656596635","0.05001645942093492","0.10615913124451146","0.0003953362828227778","0.9663929301666336","0.03047745443519373","0.8652323929368785","0.8764053064983666","0.8597248578358915","0.8875782200598547","0.8659865269367626","1.114240288734436","0.10817281901836397","4.275638675002434","0.848","0.8646289966151024","0.8441690707229652","0.8812579932302047","0.8493707922290141"
"lemon-sweep-33","0.0011482192994957327","0.04124630289900771","0.11937148064888764","0.000530317505798512","0.953970449460176","0.04475480189128251","0.8658412827278262","0.8762452731153698","0.8611080758512499","0.8866492635029135","0.8666785058644574","1.1057772636413574","0.10054853558540344","3.6816924559958735","0.854","0.8688722586438753","0.8496259371491542","0.8837445172877507","0.855291358825437"
"giddy-sweep-65","0.0015463002777622193","0.0411722450548015","0.07152988049562232","0.0003216724173293376","0.9541295658201094","0.026442374357113052","0.8646235031459306","0.8762227878338789","0.8602092448644393","0.8878220725218271","0.8655789157738124","1.1395751237869265","0.1306554675102234","6.343872739860007","0.842","0.862282073267912","0.8407371392870061","0.8825641465358239","0.8437425104637889"
"lucky-sweep-53","0.001565463788628501","0.044039430825202015","0.04313709921677697","0.0003348808965923237","0.9548954207487298","0.042714470681921315","0.8660442459914756","0.8761982752461541","0.862449431351421","0.8863523045008326","0.8670515783503204","1.176508903503418","0.16255150735378265","8.043152054557536","0.836","0.8572599743539571","0.8366186784791436","0.8785199487079142","0.8381873754152824"
"fancy-sweep-48","0.002366796962589053","0.028163631536015726","0.07507014665375109","0.0004061386742366313","0.9723514481537128","0.029554126028415055","0.8632027603003857","0.8761454925984133","0.858438358009416","0.889088224896441","0.8642352565681716","1.0924972295761108","0.08846618235111237","3.779592626421825","0.856","0.8685792429890395","0.8565306865304142","0.8811584859780792","0.8577043842135071"
"bright-sweep-60","0.0014264717383149217","0.04096040858653291","0.14934339995374418","0.0003678642728177763","0.9272005927784625","0.0411358478021722","0.8650294296732292","0.8761275846988619","0.8597735004197725","0.8872257397244945","0.8658371028305394","1.11012601852417","0.10447350889444353","4.602367961710814","0.864","0.8730719014403581","0.8619381873619162","0.882143802880716","0.8651111013280505"
"rose-sweep-30","0.0012286423832903795","0.04369073044718098","0.07683291717438415","0.0004806947380778","0.9630982658847392","0.03941678045682812","0.8646235031459306","0.8760242864127876","0.8590774052212528","0.8874250696796447","0.8653206789731972","1.1047711372375488","0.09963817149400712","3.751042979282392","0.852","0.8678006777001984","0.8470713535034591","0.8836013554003969","0.8533191393787326"
"iconic-sweep-57","0.0015083709430658476","0.04067273326225565","0.10566554552409664","0.00032229093630851144","0.962680501162723","0.04323788991537685","0.8638116500913334","0.8759042457929492","0.859623522085939","0.887996841494565","0.8648580216052892","1.1229472160339355","0.1159566193819046","4.68491922140556","0.848","0.8653846006711676","0.8481392173507317","0.8827692013423352","0.8496450357026076"
"atomic-sweep-103","0.0010028406046701608","0.03976390454492965","0.08787586973623751","0.0008160908116724514","0.9270045451229452","0.03948786256195358","0.8652323929368785","0.8759010692252245","0.8604725610683337","0.8865697455135706","0.8661335973745334","1.164972901344299","0.15269774198532104","8.912159992376441","0.848","0.8637312572673302","0.8484947346227681","0.8794625145346605","0.8495346183295049"
"treasured-sweep-111","0.0006194164501875946","0.053395560379980174","0.05343899738895795","0.00030800546296491004","0.9646433689683772","0.08081457167597085","0.8668560990460726","0.8758748896582914","0.8605294750185669","0.8848936802705102","0.8674534665362368","1.14263653755188","0.13333828747272491","7.8405431598981155","0.858","0.870987819274251","0.8576170197570723","0.8839756385485019","0.8593188036211236"
"sage-sweep-52","0.001100533790729438","0.035920464424398654","0.03696160339568347","0.0004110284098760493","0.9655924104823664","0.053019860733395846","0.865638319464177","0.875872829720186","0.8605921114564591","0.886107339976195","0.8663974231102354","1.1182788610458374","0.1117907166481018","4.787838599841628","0.854","0.869762421912706","0.8492899128449533","0.8855248438254122","0.8554209155773097"
"snowy-sweep-83","0.001150193172267208","0.041841737260900874","0.033222158177591374","0.000343220830357986","0.9672493209223127","0.07732121985002914","0.8640146133549828","0.8758487564089334","0.8591352010474728","0.887682899462884","0.8650027287762548","1.1388450860977173","0.13001464307308197","4.813040940198939","0.85","0.8662457012669469","0.848305670260456","0.8824914025338938","0.8514676478622042"
"neat-sweep-115","0.0007024989344419715","0.05385663946544621","0.0405676768956325","0.0003925043153175417","0.9569058384803928","0.02427892309060498","0.8668560990460726","0.8758351108776102","0.8606351742298427","0.8848141227091478","0.8675007964106904","1.1042295694351196","0.09914787113666534","3.724095076183295","0.846","0.8659261362621469","0.8418169937909946","0.8858522725242937","0.8470435868416609"
"exalted-sweep-80","0.0009929659012144377","0.02839126284670618","0.11089602221702718","0.0003633778952639442","0.9664517418824236","0.04009660177002349","0.8642175766186321","0.8757090526247334","0.8588207095573526","0.8872005286308348","0.8651301325488119","1.108992099761963","0.10345159471035004","4.104293111042753","0.852","0.8681301722381387","0.8518407220354872","0.8842603444762774","0.8533679582093705"
"lemon-sweep-86","0.0015713559098310943","0.04469914883692602","0.044274721015502616","0.00031651183353338875","0.9679350443918768","0.048651419227556066","0.8638116500913334","0.8756934105781329","0.8557706042705863","0.8875751710649322","0.8642956223577645","1.0824732780456543","0.07924844324588776","3.072913413119325","0.856","0.8662258036975934","0.8518947325871963","0.8764516073951867","0.8575221730039686"
"icy-sweep-29","0.001833656893090758","0.035316385237795775","0.12198489351529676","0.00039814291800890586","0.9608366409740152","0.0443926320561296","0.8625938705094378","0.8756424879303489","0.8592688505063073","0.8886911053512601","0.8637240628835183","1.1288079023361206","0.12116213142871857","7.335538017435924","0.848","0.867844998644125","0.8487956487956488","0.8876899972882499","0.8498107226107227"
"vivid-sweep-88","0.000713558049475033","0.05357305286564028","0.049646309686193706","0.00030646548372242514","0.966471803499666","0.05851361223962975","0.867870915364319","0.8755206077620505","0.8624709099449666","0.8831703001597819","0.868491747404659","1.127537727355957","0.1200363039970398","4.913431636879818","0.852","0.8663237052962494","0.8471893836475733","0.8806474105924987","0.8531065984363453"
"blooming-sweep-41","0.0013720816821266811","0.04564507580599724","0.13763721082349342","0.00044262644708701986","0.9650313683099636","0.03990367242329462","0.8638116500913334","0.8753833864361997","0.8603058749751957","0.8869551227810661","0.8647735514670181","1.0986567735671997","0.0940883457660675","3.9105591832415154","0.846","0.8648857564791644","0.8429109197676663","0.8837715129583289","0.8478523350704209"
"confused-sweep-102","0.0010938487800721353","0.051638314836548065","0.04663610358483936","0.0003849633108873397","0.950492302820768","0.038901672122297955","0.8644205398822813","0.8753738350182325","0.8602036660030817","0.8863271301541837","0.8654058938236984","1.120122313499451","0.11343787610530852","4.363188212653219","0.856","0.870131296634796","0.8548777246145667","0.8842625932695921","0.8574899521531102"
"genial-sweep-116","0.0014983011143435943","0.038591486549050306","0.02151622285839271","0.00039634129102496615","0.9682523244321908","0.07093881625472513","0.8646235031459306","0.8753252414870532","0.859586780135616","0.8860269798281757","0.8654703321554397","1.1437420845031738","0.1343054175376892","7.403004150219428","0.842","0.8597237055865701","0.8410023556646727","0.8774474111731401","0.8436006845443982"
"flowing-sweep-9","0.0006378924688392285","0.04576163078229456","0.1168415615068162","0.0009012044701682652","0.9704306239125962","0.028489422222975062","0.8658412827278262","0.875204380603041","0.8585283694627656","0.8845674784782556","0.8663849827770478","1.1505162715911863","0.14021068811416626","7.7814204486594845","0.85","0.8621701709250329","0.8503901757061608","0.8743403418500659","0.851626331140978"
"firm-sweep-67","0.001039243476665004","0.04045470889034104","0.08451843548965426","0.0004121000373433126","0.972422676239726","0.026404009295664513","0.8654353562005277","0.8751660234853795","0.8608226500675049","0.8848966907702313","0.8662924302018683","1.103630304336548","0.09860506653785706","4.044830709241185","0.856","0.8711389356917985","0.8520938155136268","0.886277871383597","0.8573310691823899"
"restful-sweep-118","0.0007424750244667765","0.019301451131761023","0.020888711511172064","0.00043380329265998194","0.9302134376546186","0.09228176933030847","0.8666531357824234","0.8751325838827655","0.8619945366606868","0.8836120319831074","0.8674241439124577","1.1261389255523682","0.11879496276378632","6.396271502481839","0.844","0.8611729036220477","0.8419974593545972","0.8783458072440955","0.8462723217363046"
"laced-sweep-108","0.0008284881834309453","0.02639393270897052","0.09729160701808724","0.000590558906892076","0.9247738831689352","0.03731355612444612","0.8646235031459306","0.8750618916848527","0.8599898887385186","0.8855002802237749","0.8654769888334589","1.111095905303955","0.10534681379795074","6.704322565131613","0.854","0.8690548059347909","0.8508873775534812","0.8841096118695817","0.8552729531935688"
"scarlet-sweep-5","0.0013437476480984809","0.027239418633945616","0.14773742134419415","0.0007781084574298501","0.9333652316138022","0.041474294614745805","0.8629997970367363","0.8749818946873487","0.8576155711599278","0.8869639923379609","0.863864026672407","1.1222233772277832","0.1153118908405304","6.137699308590266","0.854","0.8675625041744078","0.8564682910849521","0.8811250083488157","0.8554820108534016"
"fragrant-sweep-77","0.0013442313318150609","0.034715862277941024","0.14187646163171838","0.00041501679326053895","0.9484684465516192","0.03826894062117702","0.8625938705094378","0.8748875215091059","0.8581003730423493","0.887181172508774","0.8635058197121441","1.1150147914886477","0.10886763036251068","4.363108849712257","0.864","0.8731490776363099","0.8592021454911163","0.8822981552726198","0.8651476461855276"
"distinctive-sweep-114","0.0007278550077161047","0.018879695122419778","0.014220744994641044","0.0003248224275652293","0.925820900352511","0.03914879740968693","0.8636086868276842","0.8748525656000232","0.8574455649904732","0.8860964443723621","0.8644704900610243","1.0916486978530884","0.0876891016960144","5.150182606009586","0.854","0.8662727291817472","0.8556710514236116","0.8785454583634945","0.8561048560948435"
"comic-sweep-20","0.0009582533736127684","0.034493965341164626","0.06245849337061492","0.0004398837797387501","0.932448282832866","0.04201259947067945","0.862796833773087","0.8747866895946745","0.8576444148309273","0.8867765454162619","0.8637596757730183","1.0939141511917114","0.08976227045059204","4.368996064403554","0.846","0.8647650529452797","0.841849690409851","0.8835301058905595","0.8474691526793021"
"rich-sweep-61","0.0015373013226078452","0.05270701913589681","0.024027612920232828","0.00031232112353444126","0.9705042408885038","0.05250591600780315","0.8638116500913334","0.8747120779405672","0.8595325994479536","0.8856125057898009","0.8648425341086662","1.170784831047058","0.1576743125915527","8.150364381104778","0.834","0.8559441521731755","0.8351017288247236","0.8778883043463511","0.8360701213667399"
"wild-sweep-59","0.0010175429103033012","0.04858836271794544","0.139872492906573","0.0004141191911008596","0.956109492410908","0.036304543180672014","0.8625938705094378","0.8743735273550162","0.8582586122417754","0.8861531842005946","0.8636208433803081","1.1054846048355105","0.10028387606143951","4.177957220981932","0.852","0.8678688882715848","0.8482354816428458","0.8837377765431697","0.853544382693091"
"deep-sweep-98","0.0017736325910377","0.038762636237568975","0.03969310248918692","0.000554108956209238","0.9732829087073616","0.061492424811915594","0.8652323929368785","0.8743366291690533","0.8580055530361322","0.883440865401228","0.8658977490351819","1.154899001121521","0.14401280879974365","5.686220251306848","0.852","0.8640967879053046","0.8467412955890422","0.8761935758106093","0.8532092751647476"
"dark-sweep-22","0.0014687897286040708","0.041171372856173165","0.14177574820508404","0.0006868797031119614","0.9281043311858156","0.038864200357629435","0.8636086868276842","0.8743113706551369","0.8553786550436601","0.8850140544825894","0.8643128149595497","1.1330125331878662","0.12488000094890594","6.629722390706192","0.858","0.8647755776537893","0.8565034621575509","0.8715511553075787","0.8594371622425901"
"sunny-sweep-82","0.0013756543643860051","0.03497900784279197","0.09527942633719554","0.0003100807829412341","0.9565934681236616","0.04751049593986727","0.8658412827278262","0.8742724288894068","0.8614096023649758","0.8827035750509873","0.866816094605704","1.0988893508911133","0.09430001676082612","6.530706599336419","0.852","0.8621950568594747","0.8508734223780626","0.8723901137189495","0.8534720972521064"
"stellar-sweep-14","0.0009357410404039606","0.054974891981747445","0.1139670861036416","0.0004338736069647529","0.9401662936340524","0.0394342783748607","0.8613760909275421","0.874208098348392","0.857334444310407","0.8870401057692419","0.8625095706031878","1.103961944580078","0.09890547394752502","4.562781664778367","0.848","0.8671072128914767","0.8456151577890708","0.8862144257829536","0.8495084660267269"
"stellar-sweep-119","0.00189534804257591","0.04921996929235411","0.03556286291905277","0.00035781415579595575","0.9693368119501752","0.09154932017805371","0.8581286787091537","0.8739736207937625","0.8553581970521223","0.8898185628783712","0.8595729352380945","1.1151373386383057","0.10897759348154068","4.84084816934946","0.83","0.8578054594288915","0.836160242258273","0.8856109188577832","0.832593776421749"
"pious-sweep-94","0.0009768649305087172","0.03216786000765166","0.11739016897247848","0.000984205778690195","0.9281083732513428","0.035132548685520064","0.8658412827278262","0.8739179521438216","0.8604709695976017","0.881994621559817","0.8666650604486099","1.0976793766021729","0.09319831430912018","3.2249287633445896","0.854","0.8670227506814999","0.8547020957475246","0.8800455013629999","0.8558584779188029"
"helpful-sweep-113","0.0006195249338434743","0.03373913316868673","0.109360389876519","0.00041426008922875823","0.935539172965097","0.03556879273687471","0.8636086868276842","0.8738559251806859","0.858861356959291","0.8841031635336876","0.8645264557544275","1.1129753589630127","0.10703691840171814","5.12073378930694","0.856","0.8692997256200254","0.8541993679714684","0.882599451240051","0.8571315890831718"
"generous-sweep-71","0.0028877959036077584","0.04775299358472755","0.025084638936655433","0.00039988874006338285","0.973177283755086","0.060030964671666506","0.86198498071849","0.8738416645629106","0.8559758741455493","0.8856983484073312","0.86287409729495","1.200391411781311","0.18264766037464145","12.290030280104215","0.844","0.8599066351981569","0.8419918381743307","0.8758132703963138","0.8454262443926059"
"super-sweep-8","0.0008488996961588948","0.04871315508678618","0.09730119220413078","0.00032411462878188183","0.930455020422405","0.0833485189684393","0.8629997970367363","0.8738088815585809","0.858336447890513","0.8846179660804256","0.8639873425737483","1.1257531642913818","0.11845223605632782","4.408150590642339","0.864","0.8730511274572911","0.8582715524620843","0.8821022549145822","0.8653341919487098"
"earnest-sweep-96","0.0008607194777533563","0.052098890425880305","0.10368509735002278","0.0005057332978835024","0.9266657458791312","0.03341600770108373","0.8621879439821393","0.8737662392331946","0.857665652249874","0.88534453448425","0.8631782350366213","1.0845166444778442","0.0811343714594841","3.9877611217410416","0.854","0.8697121298009673","0.8470532686884051","0.8854242596019348","0.8552390987736476"
"prime-sweep-75","0.001745653756275823","0.019943090475372263","0.036167307023770544","0.0013228983242647933","0.9410162192472928","0.03201761509664892","0.8638116500913334","0.8735714919507596","0.8575498475512681","0.8833313338101856","0.8646496434608064","1.1367467641830444","0.12817052006721497","6.064349319068929","0.84","0.8526305886462145","0.8368242495759274","0.8652611772924291","0.8411983184600633"
"decent-sweep-19","0.0011490627650950994","0.04833689875356481","0.11803128770825594","0.000714780852464757","0.9379186519055646","0.0366011563012511","0.8625938705094378","0.8734238537913084","0.8585397160501266","0.8842538370731791","0.863683260514959","1.1696017980575562","0.15666338801383972","7.255756072425045","0.846","0.8633402285346774","0.8466422466422466","0.8806804570693547","0.8477884249084249"
"magic-sweep-32","0.0013779967249752463","0.05177245471537583","0.04175906387202219","0.0005960406961973908","0.9273725235316252","0.03323188007325782","0.86198498071849","0.8733113610025103","0.8553968921407445","0.8846377412865305","0.8627151158318735","1.101406812667847","0.09658835828304292","5.037587687653376","0.854","0.8671631205970707","0.849614541280051","0.8803262411941413","0.85524830852029"
"frosty-sweep-99","0.001658368821267805","0.05604579796465328","0.1077064436211422","0.0003128124926404532","0.9582541196454726","0.028536145974352767","0.8611731276638929","0.8732437300408626","0.8587552136784634","0.8853143324178323","0.8623808254216028","1.18290913105011","0.16797669231891632","7.647306884682056","0.834","0.8560621071146199","0.8369527209662833","0.87812421422924","0.8363424370546748"
"serene-sweep-73","0.0008428479953182214","0.031401660022096746","0.08349932048328015","0.00041834701428278336","0.9459987755588962","0.05628408439657282","0.8654353562005277","0.8732211606370821","0.8617321401260764","0.8810069650736366","0.8663866627776869","1.1199917793273926","0.11332134902477264","5.1891105630550225","0.84","0.8537991843099484","0.8352296798402228","0.8675983686198969","0.8413823155601283"
"resilient-sweep-74","0.0015133557737945695","0.039043795787076195","0.03451948050403545","0.00041016890131916794","0.968761327025888","0.035557584515965475","0.8617820174548406","0.8731921535615705","0.8577176418344128","0.8846022896683003","0.8627446806998523","1.1689294576644895","0.15608829259872437","7.577560364372037","0.832","0.8544912074356246","0.8326764250327217","0.8769824148712491","0.8339630733227575"
"twilight-sweep-117","0.0007521852591963838","0.031492070833862205","0.03547891910748785","0.0003479717709603488","0.9354159858343736","0.024307541013080955","0.86198498071849","0.8730293493763738","0.8576519453353733","0.8840737180342576","0.8630690370252865","1.1125211715698242","0.10662883520126344","4.25288313957433","0.856","0.8693868255307324","0.8524551575015971","0.8827736510614648","0.8575615568332596"
"jumping-sweep-25","0.00196478713241545","0.049104701664500205","0.10163548947662468","0.0006173745082928644","0.9368725006475058","0.05422918907506064","0.8591434950274001","0.8727834827402962","0.856298869048807","0.8864234704531923","0.8603632725884264","1.0932070016860962","0.08911564201116562","3.2954791411226947","0.836","0.8562645166651874","0.8364646464646465","0.876529033330375","0.8378387878787878"
"fresh-sweep-44","0.001004843081810502","0.040692707130498294","0.04891853427820313","0.00046112424666936233","0.9707119392940264","0.02590480036255429","0.8583316419728029","0.8713810604681946","0.8535551520065652","0.8844304789635863","0.8595145766219645","1.1898362636566162","0.17381568253040314","8.022660253012159","0.848","0.8595920077324536","0.8487449615860841","0.8711840154649072","0.8502977667960319"
"frosty-sweep-13","0.000676597056003694","0.04571443654623186","0.1269936673577737","0.0004376871748494946","0.9372531304722576","0.033401218897347054","0.855490156281713","0.8703659540230688","0.8518204217187995","0.8852417517644245","0.8567072164484694","1.0974905490875244","0.09302635490894318","3.923082963695827","0.848","0.8662471132415384","0.8477585340059984","0.8844942264830766","0.8496100941384511"
"dry-sweep-72","0.001341241777595792","0.04404521742678886","0.11581653824906832","0.00034247418215508","0.9696303166621738","0.037568986727378725","0.8565049725999594","0.8702285100315568","0.8523055696713683","0.883952047463154","0.8575679222168867","1.184031367301941","0.16892504692077637","8.367847846119504","0.844","0.8591033577836124","0.8458602886879026","0.8742067155672247","0.8454394115159587"
"stellar-sweep-92","0.0016787842644709655","0.0359747660531742","0.07884813284285","0.0003247082368737991","0.9360632647227548","0.04429302127273969","0.8558960828090115","0.8698667240179228","0.8542027596410314","0.883837365226834","0.8572508705941355","1.187699794769287","0.17201845347881317","7.540475540915306","0.832","0.8543956827297652","0.8340346991509783","0.8767913654595304","0.8338152823920266"
"fresh-sweep-55","0.0019526593363447164","0.04906389645428087","0.06909029459456831","0.0004001094774975787","0.9638992512196468","0.05520499354745546","0.8538664501725187","0.8696335706470878","0.8513501614053997","0.8854006911216569","0.8553542568524842","1.118705987930298","0.11217270791530608","4.7520166249246145","0.828","0.8547113370985762","0.83259598406524","0.8814226741971525","0.8300274354045151"
"firm-sweep-101","0.0016537886264418817","0.05265791474989212","0.03955886629632595","0.0009251931848606878","0.9718043012949166","0.08405655054122183","0.8546783032271159","0.8687332105527974","0.8478452066842568","0.8827881178784789","0.8556700920510697","1.0837364196777344","0.08041474968194962","3.7229420869516647","0.854","0.8667152225557843","0.853573664219743","0.8794304451115685","0.8555168552194152"
"wise-sweep-3","0.0028929071809600643","0.02399906551028983","0.03443478435903899","0.0008263418028592029","0.9423445376499324","0.05328414275922672","0.8512279277450782","0.8673287035238","0.8493190819153167","0.8834294793025218","0.8526893734335974","1.0943957567214966","0.09020247310400008","4.384180151392027","0.838","0.8576738688288411","0.8345467856108161","0.8773477376576823","0.8395985335778904"
"fast-sweep-2","0.003013567105234228","0.030349687060140348","0.042654680058130105","0.0004052228371136386","0.934030843187014","0.02908059249331923","0.8534605236452202","0.8666902761040036","0.848569790820184","0.879920028562787","0.8545149200687963","1.119097113609314","0.112522155046463","1.9877700281332908","0.864","0.8702409059392906","0.861287299657063","0.8764818118785813","0.8648825390111522"
"rich-sweep-12","0.002020519351083573","0.04496220879667719","0.13199584987842158","0.00045393118788964273","0.9319087916984384","0.024749609175400908","0.8461538461538461","0.8660063302238443","0.8447514346371291","0.8858588142938426","0.8476060371513313","1.1044163703918457","0.0993170291185379","3.4672387788745227","0.832","0.8551088022833868","0.8341387060345268","0.8782176045667737","0.8343178892579257"
"likely-sweep-104","0.0017904902462033622","0.05449712040707504","0.041591756709297496","0.0012518900054368448","0.9362380539006288","0.03463604918146113","0.8528516338542724","0.8648646891365035","0.8470412078860582","0.8768777444187347","0.8539719238298163","1.1845979690551758","0.16940338909626007","5.238124488259912","0.85","0.8569847385284945","0.8468419786296636","0.8639694770569892","0.8508495517278102"
"woven-sweep-4","0.0008268099794886441","0.01896403304262765","0.029400308258186594","0.0015808688930112017","0.9667091153184764","0.08079058101763774","0.8599553480819971","0.8643427354328943","0.8516954437866023","0.8687301227837915","0.8601354025384476","1.2208422422409058","0.19954097270965576","11.994617512616273","0.854","0.860321953825437","0.8485156297236834","0.8666439076508738","0.8545355341919101"
"divine-sweep-121","0.001854433938131368","0.04101210232237517","0.04247812994302654","0.0005501122328281873","0.9731461462938829","0.0714755554370098","0.8453419930992491","0.8638382162277102","0.8436684858139221","0.8823344393561713","0.847040084642344","1.0952751636505127","0.0910056084394455","4.044473211155495","0.83","0.8532119477511593","0.8335081947369973","0.8764238955023187","0.8323271612812035"
"dutiful-sweep-76","0.0014744906339749966","0.036917514605891266","0.016060278769497","0.0019683437388432427","0.9686798600891616","0.08276112681487502","0.8577227521818551","0.8616840266000723","0.8517108497586389","0.8656453010182893","0.8584644610342422","1.1151045560836792","0.108948215842247","6.9194933077656495","0.838","0.8449843347243738","0.8362027408803178","0.8519686694487477","0.8395534502679104"
"efficient-sweep-89","0.002017627135848027","0.04673362349367867","0.037762501770863974","0.0004041018952403466","0.966091744526487","0.027086049627789887","0.8494012583722347","0.857895354085497","0.8430903902536593","0.8663894497987594","0.8503864734594557","1.1373685598373413","0.12871724367141724","6.316361788382991","0.818","0.8483898924093833","0.8260100826779593","0.8787797848187666","0.8206217640653358"
"prime-sweep-109","0.0017308833580221628","0.03464793995687585","0.03744949456115078","0.0018060551198992752","0.9505298037879488","0.04737900039738916","0.8485894053176375","0.8519755699607878","0.8404190567715899","0.8553617346039382","0.8484958988007949","1.242276906967163","0.2169459164142609","5.361967752263359","0.85","0.8455365650816814","0.8427131898537038","0.8410731301633628","0.8505539321039813"
"swift-sweep-122","0.0006440202690972587","0.04367704064219816","0.05356432476492016","0.0004727571227427685","0.9501371259182334","0.08415452808266898","","","","","","","","","","","","",""