"Name","adamw_lr","muon_lr","weight_decay","batch_perplexity","raw_grad_norm","test_accuracy","test_combined_score","test_pearson","train_loss","val_accuracy","val_combined_score","val_pearson"
"swept-sweep-54","0.00014848002303356322","0.0005708579495367347","0.00002268073602820307","1.1263188123703003","0.9999998082814676","0.8680738786279684","0.8716375969228374","0.8752013152177063","0.11895456910133362","0.866","0.866180485121426","0.866360970242852"
"skilled-sweep-74","0.00014369113763476962","0.0005734317826356325","0.000023477416804810862","1.3076900243759155","0.9999998230910264","0.8703064745281104","0.8714250188749989","0.8725435632218874","0.26826226711273193","0.836","0.8462404099567591","0.8564808199135183"
"helpful-sweep-94","0.00014160140199880096","0.0005715597287485512","0.000023858143240571467","1.2890337705612185","1.0000000165672287","0.8709153643190582","0.8708857109654893","0.8708560576119202","0.2538929283618927","0.86","0.8572428524483805","0.854485704896761"
"confused-sweep-100","0.0001484416328826485","0.0005700536342668572","0.00002639696511339325","1.1927932500839231","0.9999997872822184","0.8684798051552669","0.870481049238401","0.872482293321535","0.17629781365394592","0.856","0.8591304435712339","0.862260887142468"
"atomic-sweep-7","0.00014096850144310126","0.0005744815552077241","0.00002610861034715244","1.2047914266586304","0.999999731360802","0.8690886949462148","0.8704297302870934","0.8717707656279718","0.186306431889534","0.86","0.8572532310946045","0.854506462189209"
"wise-sweep-98","0.00014904514493659877","0.0005744267711643444","0.000024532486593201284","1.1391032934188845","0.9999998040933168","0.8664501725187741","0.8701618222787868","0.8738734720387996","0.13024136424064636","0.858","0.8603075765782291","0.8626151531564582"
"trim-sweep-96","0.0001479852778645508","0.0005688592404153251","0.000022938079162169813","1.2042107582092283","0.999999745093812","0.867870915364319","0.8700160202237017","0.8721611250830844","0.18582439422607425","0.864","0.8590701368882653","0.8541402737765306"
"lunar-sweep-76","0.0001485571956155784","0.0005739135001412331","0.000020836626319907977","1.1776021718978882","0.9999998003693984","0.869291658209864","0.8697375853016978","0.8701835123935314","0.16348031163215637","0.858","0.8553052130922896","0.8526104261845792"
"wobbly-sweep-101","0.0001481132779606225","0.0005699613772571191","0.000029295282025869377","1.1678203344345093","0.9999997800015332","0.8648264664095798","0.8692585078504147","0.8736905492912496","0.15513908863067627","0.856","0.8605781884129209","0.8651563768258419"
"jolly-sweep-31","0.00014718742173038823","0.000570817372761053","0.00002275391393953916","1.289881944656372","0.9999998751533372","0.8650294296732292","0.8691798615295127","0.8733302933857962","0.25455066561698914","0.86","0.8629998624478634","0.8659997248957267"
"driven-sweep-112","0.00014709775947155244","0.0005726047276042265","0.00002027339680530402","1.3348839282989502","0.9999999327915164","0.8654353562005277","0.8690457770570825","0.8726561979136372","0.28884437680244446","0.852","0.856977444536277","0.861954889072554"
"vibrant-sweep-4","0.000147979607406739","0.0005671858978177648","0.000020352096777603395","1.184601902961731","0.999999846607216","0.8658412827278262","0.8690272456028871","0.8722132084779479","0.1694067269563675","0.858","0.8585848749251889","0.8591697498503778"
"neat-sweep-68","0.00014212064667185582","0.0005687202294441675","0.000021865726421103857","1.3546853065490725","0.9999998268188832","0.8662472092551248","0.8689060910317334","0.8715649728083421","0.3035691976547241","0.846","0.8520168585865163","0.8580337171730327"
"fluent-sweep-34","0.0001458678971956152","0.0005650938671051387","0.000025840165393322708","1.2275468111038208","0.9999998174744144","0.8640146133549828","0.8688545459023324","0.873694478449682","0.20501776039600372","0.858","0.8590343634274352","0.8600687268548705"
"avid-sweep-128","0.00014665423450472195","0.0005723536297805715","0.000024332803443858793","1.1578328609466553","0.9999997283310446","0.8648264664095798","0.8684312527554746","0.8720360391013694","0.14655008912086487","0.866","0.8639227656872519","0.8618455313745038"
"daily-sweep-29","0.00014059826740686114","0.0005729750805484156","0.00002282629260429988","1.2297950983047483","0.9999998010858712","0.8652323929368785","0.868370904658001","0.8715094163791237","0.20684760808944705","0.858","0.8607132775460715","0.863426555092143"
"balmy-sweep-38","0.00014224656452420256","0.0005652246189967315","0.000023642899640237823","1.2379258871078491","0.999999799045316","0.8629997970367363","0.8682943718803157","0.873588946723895","0.21343731880187988","0.864","0.8665041280195404","0.8690082560390807"
"vital-sweep-122","0.00014760527366696735","0.0005693815187262971","0.000029212399137154603","1.354758381843567","0.9999998733234432","0.8621879439821393","0.8682449330723793","0.8743019221626193","0.3036231994628906","0.844","0.8528017090135566","0.8616034180271132"
"graceful-sweep-44","0.00014736021246823986","0.0005714613951463087","0.000023350943793340773","1.3126829862594604","0.999999757612956","0.8660442459914756","0.8681747859965192","0.8703053260015629","0.2720731496810913","0.874","0.8685748496050001","0.8631496992100002"
"royal-sweep-131","0.00014896356648577786","0.0005713425807456451","0.000022109370805214924","1.2236109972000122","0.9999998201609224","0.8634057235640349","0.8681268385180938","0.8728479534721526","0.20180630683898929","0.862","0.8606291131870574","0.8592582263741146"
"classic-sweep-16","0.00014488474748539025","0.0005696927008068981","0.000021895768540124393","1.3147724866867063","0.9999998543133778","0.8648264664095798","0.8678804508154585","0.8709344352213371","0.27366358041763306","0.826","0.8359722923850634","0.845944584770127"
"atomic-sweep-125","0.0001497920723223009","0.0005663669066390055","0.00002511846985374777","1.2514725923538208","0.999999895650168","0.8632027603003857","0.8676443571956405","0.8720859540908953","0.2243209183216095","0.858","0.8614092871803405","0.864818574360681"
"breezy-sweep-118","0.00014932848281276964","0.0005690248631645429","0.000027859923905366535","1.326539397239685","0.9999997937085944","0.865638319464177","0.8676388116530336","0.86963930384189","0.2825736403465271","0.854","0.856075690174243","0.8581513803484861"
"legendary-sweep-104","0.00014285540395071356","0.0005677374212913632","0.000026176235940998785","1.2811802625656128","0.9999998943266188","0.8644205398822813","0.8676382245445688","0.8708559092068563","0.24778172373771667","0.86","0.8651022594692539","0.8702045189385078"
"sage-sweep-49","0.00014598846049428363","0.0005680797475870704","0.000020571644583080217","1.221263408660889","0.9999999275703216","0.8642175766186321","0.8674672752956577","0.8707169739726833","0.19988584518432617","0.864","0.8648123196540973","0.8656246393081947"
"zesty-sweep-81","0.00014932467126140258","0.0005670970718988205","0.00002876988280954017","1.2590759992599487","0.9999998718377896","0.8644205398822813","0.8673706240812835","0.8703207082802857","0.23037821054458615","0.856","0.8602866593133366","0.8645733186266732"
"bumbling-sweep-20","0.0001410474569968677","0.0005742409272280408","0.000021331815605514556","1.231935739517212","0.999999809850624","0.8634057235640349","0.8673540082249089","0.871302292885783","0.20858676731586456","0.852","0.8531298067890521","0.8542596135781043"
"legendary-sweep-93","0.00014072485737021072","0.0005703057844621673","0.000021979380868579534","1.3102794885635376","0.9999999485011108","0.8625938705094378","0.8673353656522096","0.8720768607949814","0.27024051547050476","0.856","0.8583796347981699","0.8607592695963399"
"laced-sweep-75","0.00014549714126339824","0.0005733519769628629","0.00002969629090442526","1.3681907653808594","0.9999997815683112","0.8609701644002435","0.8672849567770249","0.8735997491538062","0.3134891986846924","0.852","0.8576115131865953","0.8632230263731907"
"firm-sweep-111","0.00014100672159412383","0.0005746982757406082","0.00002386036587417935","1.242809772491455","0.9999998994691572","0.8638116500913334","0.8671865693230447","0.8705614885547561","0.2173747718334198","0.838","0.849640734101026","0.8612814682020521"
"crimson-sweep-32","0.0001467413247828398","0.0005670829921539214","0.00002222501423406222","1.1157320737838743","0.999999822415181","0.8638116500913334","0.867181704215425","0.8705517583395165","0.10951074957847597","0.862","0.8639039151556187","0.8658078303112373"
"breezy-sweep-69","0.00014337637973574628","0.0005698530792573326","0.00002729021046561349","1.1657415628433228","0.999999923108214","0.8632027603003857","0.8671815678965211","0.8711603754926565","0.15335741639137268","0.856","0.8549576556157735","0.8539153112315471"
"toasty-sweep-77","0.0001483002023591843","0.0005740489180577681","0.00002670724841352726","1.2402770519256592","0.9999997918738625","0.8648264664095798","0.8670852720950132","0.8693440777804465","0.2153347134590149","0.866","0.8614423052036013","0.8568846104072025"
"light-sweep-6","0.00014232039293536844","0.0005687841253919627","0.00002246695104650405","1.303878664970398","0.9999998865211708","0.8623909072457885","0.8670712342860327","0.8717515613262771","0.26534342765808105","0.85","0.8525031029689242","0.8550062059378484"
"young-sweep-57","0.00014759509741744289","0.0005688340550526022","0.000028787829165850713","1.2056636810302734","0.999999822985094","0.8634057235640349","0.8669791782551555","0.8705526329462759","0.18703019618988037","0.842","0.8504414153384552","0.8588828306769104"
"comfy-sweep-115","0.00014847182289777575","0.0005674003896487287","0.000023715622349203255","1.2392253875732422","0.9999998739243624","0.8636086868276842","0.8669366072572993","0.8702645276869143","0.2144864797592163","0.852","0.8545975686163098","0.8571951372326195"
"azure-sweep-24","0.0001481909986888448","0.0005694692666125248","0.000028635058692004476","1.2852705717086792","0.9999999085216528","0.8615790541911914","0.8665677054561851","0.8715563567211789","0.2509692907333374","0.854","0.8551555760821772","0.8563111521643544"
"restful-sweep-129","0.00014381876279101951","0.0005656812907156878","0.00002771238490481705","1.240113615989685","0.999999817723948","0.862796833773087","0.8665286254008603","0.8702604170286335","0.21520301699638367","0.848","0.8501082367155796","0.8522164734311591"
"misunderstood-sweep-87","0.00014010479700630608","0.0005702467907780038","0.000028396550186906543","1.3626888990402222","0.9999999038703868","0.8609701644002435","0.866408342394821","0.8718465203893984","0.3094598948955536","0.844","0.8508139941643271","0.8576279883286543"
"atomic-sweep-120","0.0001472631700368225","0.0005736326376255367","0.000024326683407518825","1.3340568542480469","0.9999998445250008","0.8615790541911914","0.8662807194269035","0.8709823846626157","0.28822457790374756","0.856","0.856505447293078","0.857010894586156"
"soft-sweep-110","0.00014044576956745504","0.0005710907405090373","0.00002432681453364768","1.2076444625854492","0.9999999141775634","0.862796833773087","0.8662173682297869","0.8696379026864868","0.18867170810699463","0.858","0.858304498467706","0.8586089969354118"
"happy-sweep-43","0.00014006647746631786","0.0005717751321640159","0.00002850298751176859","1.2935856580734253","0.9999998886971536","0.8595494215546986","0.8661591447827657","0.8727688680108326","0.2574178874492645","0.858","0.8609354368113163","0.8638708736226327"
"gallant-sweep-108","0.00014890142148455882","0.0005676717591860363","0.00002935811617618769","1.174262523651123","0.9999998472903228","0.8615790541911914","0.8660937373786817","0.870608420566172","0.16064034402370453","0.866","0.8624368457477976","0.8588736914955951"
"toasty-sweep-82","0.00014509219230015162","0.0005706735057640518","0.00002437504810722419","1.1751744747161863","0.999999839537717","0.8623909072457885","0.8660922798922974","0.8697936525388063","0.16141659021377563","0.854","0.8551980080028627","0.8563960160057256"
"skilled-sweep-63","0.000144859753582646","0.0005658776394204475","0.000024886964240716496","1.2838850021362305","0.999999784716876","0.8603612746092957","0.8660769057463538","0.8717925368834117","0.24989064037799835","0.848","0.8504605129010174","0.852921025802035"
"solar-sweep-8","0.0001438417908254907","0.0005655437043207267","0.000023343698343288128","1.262745022773743","0.9999999102715708","0.8634057235640349","0.8660705040676148","0.8687352845711946","0.2332879602909088","0.866","0.8630838240648683","0.8601676481297366"
"crimson-sweep-9","0.00014602938864242013","0.0005676761288457996","0.00002079873276339329","1.319227695465088","0.9999997982823364","0.8607672011365943","0.8660585246797354","0.8713498482228766","0.27704647183418274","0.84","0.850357511631056","0.8607150232621121"
"decent-sweep-133","0.00014353139058477155","0.0005725387191829525","0.000024731588031914405","1.2136082649230957","0.999999807859897","0.8617820174548406","0.8657790622003776","0.8697761069459146","0.1935979276895523","0.852","0.8553163058709199","0.8586326117418398"
"light-sweep-88","0.0001416435710681795","0.0005664212003865192","0.00002717746557045576","1.2387255430221558","0.9999999101645703","0.8607672011365943","0.865687644133958","0.8706080871313217","0.2140830755233765","0.854","0.8544406195107859","0.8548812390215719"
"copper-sweep-105","0.000143829739861652","0.0005674565395423593","0.000021857442121044152","1.16362202167511","0.9999998113400128","0.8589405317637507","0.8656381469603562","0.8723357621569617","0.15153755247592926","0.85","0.8538034481437788","0.8576068962875577"
"peach-sweep-127","0.00014412399876151294","0.0005660695005162737","0.000028862943537637797","1.2815077304840088","0.999999898702702","0.8617820174548406","0.8655151025057919","0.8692481875567432","0.24803727865219116","0.85","0.8566147767529224","0.8632295535058447"
"rosy-sweep-134","0.0001437518748507239","0.0005734453962572309","0.00002209109397749888","1.1421606540679932","0.9999998058965268","0.8603612746092957","0.865384236604799","0.8704071986003022","0.13292178511619568","0.846","0.8513081058644636","0.8566162117289272"
"silvery-sweep-39","0.00014639169422178786","0.0005703750388806548","0.00002139582982267108","1.3565014600753784","0.9999999130672484","0.8601583113456465","0.865311708203971","0.8704651050622956","0.30490896105766296","0.856","0.8600223989049964","0.8640447978099928"
"playful-sweep-36","0.00014533635132773397","0.0005675994632113773","0.00002459079500067055","1.2295725345611572","0.9999999128967346","0.8623909072457885","0.8653109218701971","0.8682309364946056","0.20666657388210297","0.854","0.8532922328661191","0.8525844657322382"
"dandy-sweep-70","0.00014275730760151742","0.0005688657177059369","0.000029985157997870363","1.336823582649231","0.9999998508497216","0.8615790541911914","0.8651760527981072","0.868773051405023","0.2902963161468506","0.86","0.8557484503296106","0.8514969006592211"
"upbeat-sweep-17","0.00014796781155418517","0.0005717163573856088","0.00002512022196021387","1.182701826095581","0.9999996492167508","0.8597523848183479","0.8650499135264343","0.8703474422345208","0.16780143976211548","0.848","0.8528951958154434","0.8577903916308869"
"stoic-sweep-58","0.00014358931071360888","0.0005689237543781673","0.000027989812332796017","1.3811721801757812","0.9999997027712064","0.8595494215546986","0.8649733786181426","0.8703973356815865","0.32293254137039185","0.862","0.8630900781335518","0.8641801562671035"
"wise-sweep-107","0.00014529239957412703","0.0005680480853821832","0.00002808599537552987","1.2743134498596191","0.999999972159152","0.8585346052364522","0.864784072870407","0.871033540504362","0.24240759015083313","0.842","0.8472306641082641","0.8524613282165282"
"atomic-sweep-113","0.00014148018118107997","0.0005740997968186476","0.000021638540604329336","1.3384782075881958","0.9999998611121054","0.8589405317637507","0.8647648703916676","0.8705892090195845","0.29153335094451904","0.848","0.8510470767226193","0.8540941534452385"
"crimson-sweep-103","0.00014137840919604622","0.0005728760242867286","0.000021448903163249733","1.2358057498931885","0.9999997888432413","0.8597523848183479","0.8647595104086919","0.8697666359990359","0.21172313392162323","0.864","0.8639285004387907","0.8638570008775812"
"astral-sweep-53","0.00014996723243575257","0.0005747145929594158","0.000020500698369594393","1.2051398754119873","0.9999999377528864","0.8583316419728029","0.8645916912846026","0.8708517405964021","0.1865956485271454","0.846","0.8532975998101338","0.8605951996202676"
"sunny-sweep-132","0.00014759252288836986","0.0005697557301570367","0.000022306364224249888","1.3771352767944336","0.9999999018351086","0.8601583113456465","0.8645398009175476","0.8689212904894487","0.32000547647476196","0.864","0.8630024019264966","0.8620048038529933"
"generous-sweep-40","0.0001422805127313188","0.0005705394816402918","0.000027631715930385983","1.3966714143753052","0.9999998469519724","0.8599553480819971","0.8644407678989484","0.8689261877158997","0.33409184217453003","0.834","0.8434950714100569","0.8529901428201137"
"pious-sweep-106","0.00014780145334406138","0.0005749309638135866","0.000023710877870401777","1.3056211471557615","0.9999999332394668","0.8583316419728029","0.8642888956991679","0.8702461494255329","0.26667892932891846","0.844","0.8519679620073719","0.8599359240147437"
"fast-sweep-21","0.00014927073275581928","0.0005692112502751871","0.000025293188980999743","1.3104193210601809","0.9999999266765424","0.8613760909275421","0.8642638939256674","0.8671516969237927","0.27034714818000793","0.846","0.8498127520286025","0.8536255040572049"
"dark-sweep-66","0.00014928830679970868","0.0005732167099806599","0.00002456372542683662","1.2358174324035645","0.9999997506908932","0.8589405317637507","0.8640258470599874","0.8691111623562241","0.2117326706647873","0.85","0.8515945469903736","0.8531890939807473"
"brisk-sweep-2","0.00014634708697599388","0.000568406867693536","0.00002189532365425028","1.2253360748291016","0.9999997418465032","0.8609701644002435","0.8639986288881341","0.8670270933760245","0.20321518182754517","0.852","0.854460379518084","0.8569207590361679"
"revived-sweep-124","0.00014631915630904766","0.0005710784921883419","0.00002112211361462468","1.298553228378296","0.9999998788029176","0.8577227521818551","0.8639639673394808","0.8702051824971065","0.26125070452690125","0.862","0.8653496806971687","0.8686993613943373"
"charmed-sweep-71","0.00014381095781164946","0.0005678231936398068","0.00002240510303657124","1.324435472488403","0.9999995918607868","0.8587375685001015","0.8638892305792256","0.8690408926583497","0.2809862792491913","0.854","0.8569182264256312","0.8598364528512623"
"upbeat-sweep-109","0.0001437151041260086","0.0005695254887995899","0.00002200899801020753","1.197057604789734","0.9999996999681235","0.8565049725999594","0.8638420914955793","0.8711792103911993","0.1798665076494217","0.846","0.8550437486460876","0.8640874972921752"
"absurd-sweep-99","0.00014061170220252666","0.0005717005765029825","0.00002577074018493024","1.177032232284546","0.9999998527000774","0.8583316419728029","0.8637151646727128","0.8690986873726227","0.16299626231193542","0.854","0.8570381225595298","0.8600762451190596"
"hardy-sweep-119","0.00014074365234960983","0.0005726507406361309","0.00002207133232015887","1.2751063108444214","0.9999998040890158","0.8571138623909073","0.8636991801753522","0.870284497959797","0.24302949011325836","0.858","0.8609362453867138","0.8638724907734275"
"jolly-sweep-85","0.0001465203402565421","0.0005732754788980386","0.00002324424939522168","1.303879976272583","0.9999999107461708","0.855490156281713","0.8636921052124316","0.8718940541431501","0.26534441113471985","0.856","0.8550064745486876","0.8540129490973754"
"happy-sweep-90","0.00014887212063734772","0.000573048075294465","0.000027962368169120395","1.2170021533966064","0.9999998304615342","0.8579257154455043","0.8635761783915337","0.869226641337563","0.1963905394077301","0.852","0.853152179704688","0.8543043594093761"
"true-sweep-114","0.00014554034640387593","0.0005715890384919515","0.00002291231362208998","1.2872337102890017","0.9999999278945052","0.8585346052364522","0.8634710138190471","0.868407422401642","0.25249549746513367","0.856","0.8567649022561689","0.8575298045123377"
"whole-sweep-123","0.00014619678905428745","0.0005699989409452156","0.000022617754453607007","1.291015625","0.99999980611119","0.8569108991272579","0.863390832689464","0.8698707662516701","0.2554291784763336","0.856","0.85790876621093","0.8598175324218601"
"skilled-sweep-121","0.00014572676371777467","0.0005690241308811284","0.00002992238803395131","1.290097951889038","0.9999999007797208","0.8595494215546986","0.86333267447314","0.8671159273915814","0.254718154668808","0.856","0.8554841171568013","0.8549682343136026"
"morning-sweep-56","0.0001405674009714869","0.0005742529951415727","0.000022614753013403477","1.2919620275497437","0.9999998460588988","0.8587375685001015","0.8632271256172996","0.8677166827344976","0.25616195797920227","0.864","0.8613171585877215","0.8586343171754429"
"faithful-sweep-41","0.00014624929071394957","0.0005690968173635296","0.000021909156637538084","1.170291543006897","0.99999980041063","0.8583316419728029","0.8631548520769472","0.8679780621810915","0.1572528779506683","0.848","0.8469837459145552","0.8459674918291104"
"misunderstood-sweep-23","0.00014086181790835294","0.0005720373608988317","0.000021024020075004912","1.2538312673568726","0.9999998984942148","0.8567079358636087","0.8631499376212985","0.8695919393789885","0.2262038886547089","0.852","0.8584554733913232","0.8649109467826464"
"zesty-sweep-79","0.00014123617429612773","0.0005684819346199436","0.00002584204541476756","1.2718887329101562","0.999999892401226","0.8575197889182058","0.8631073224879686","0.8686948560577314","0.24050305783748627","0.84","0.8488709883096054","0.8577419766192108"
"divine-sweep-126","0.00014303313333272538","0.0005676073023711108","0.000025592047683578513","1.3435999155044556","1.0000000118285517","0.8546783032271159","0.8630642262315145","0.8714501492359129","0.29535242915153503","0.85","0.8513672233719781","0.8527344467439563"
"olive-sweep-80","0.00014197584312664274","0.0005692720287513897","0.000020577926471238906","1.3553860187530518","0.9999999245475156","0.8544753399634666","0.8630610078536776","0.8716466757438887","0.304086297750473","0.838","0.8423162648742606","0.8466325297485211"
"peach-sweep-3","0.000144610512622126","0.0005736330565282177","0.000026170665987547373","1.3314759731292725","0.99999972556093","0.8579257154455043","0.8630396971669174","0.8681536788883306","0.2862880825996399","0.852","0.8547051668664702","0.8574103337329406"
"smooth-sweep-83","0.00014353741425676803","0.0005689320036790707","0.00002295503508116095","1.2017781734466553","0.99999978797306","0.8571138623909073","0.8630348482557225","0.8689558341205378","0.1838022768497467","0.856","0.8556038605030277","0.8552077210060555"
"balmy-sweep-26","0.00014403953469259353","0.0005675685609340343","0.000020657709122990385","1.274958252906799","0.9999998766212456","0.8556931195453623","0.8629053172157326","0.8701175148861029","0.2429133802652359","0.85","0.852588981612988","0.8551779632259761"
"autumn-sweep-84","0.00014490779103129922","0.0005698450853292677","0.00002119760048399543","1.343565821647644","0.9999998885805262","0.8546783032271159","0.8628682036082587","0.8710581039894014","0.2953270971775055","0.85","0.8503589118589842","0.8507178237179683"
"fallen-sweep-89","0.0001478721873342092","0.0005654661737641687","0.000027777293442605103","1.3568779230117798","0.9999997346563764","0.8563020093363102","0.8628352362984868","0.8693684632606633","0.3051864504814148","0.85","0.854703068089948","0.859406136179896"
"neat-sweep-62","0.00014604350499887944","0.0005730971904156611","0.000021326169742110984","1.3065487146377563","0.9999999387662932","0.8595494215546986","0.8628163088736196","0.8660831961925405","0.2673891484737396","0.854","0.8518223728025784","0.849644745605157"
"amber-sweep-14","0.00014610597049892913","0.000568667336139768","0.000028272113093139132","1.369900822639465","0.9999998757682136","0.8589405317637507","0.8627934390730023","0.8666463463822539","0.31473833322525024","0.85","0.853552538885101","0.857105077770202"
"absurd-sweep-1","0.00014786391247102344","0.0005668560811778738","0.00002306324360937498","1.306227445602417","0.9999999340630196","0.8585346052364522","0.8627405620666182","0.8669465188967843","0.2671431303024292","0.86","0.8580482445758275","0.8560964891516549"
"curious-sweep-15","0.00014148721443732947","0.0005680619385270498","0.000027489015049655783","1.266077756881714","0.9999998537788168","0.8583316419728029","0.8627322026877817","0.8671327634027606","0.23592370748519895","0.85","0.8534354172797789","0.8568708345595579"
"chocolate-sweep-28","0.0001463821718983402","0.0005703396749520269","0.0000234662469432061","1.2984389066696167","0.9999998942733868","0.8546783032271159","0.8626779686159998","0.8706776340048837","0.26116275787353516","0.836","0.8434157806361997","0.8508315612723993"
"charmed-sweep-50","0.00014344962767968243","0.000569170216198853","0.000023280406188489006","1.3465498685836792","0.999999865346954","0.8558960828090115","0.8626476586733358","0.8693992345376602","0.2975456118583679","0.862","0.8641638412837416","0.866327682567483"
"resilient-sweep-47","0.00014753724033622623","0.0005747620070811685","0.00002394119872319763","1.1609786748886108","0.9999997441893428","0.8571138623909073","0.8626178526601943","0.8681218429294814","0.14926336705684662","0.854","0.8524588594956463","0.8509177189912925"
"rare-sweep-86","0.0001434543062143136","0.0005686211596605728","0.000027703174781124804","1.2900758981704712","0.9999998110241058","0.8558960828090115","0.8624694249759933","0.8690427671429751","0.25470098853111267","0.862","0.8584393227487503","0.8548786454975006"
"sandy-sweep-73","0.00014578499911209895","0.0005678769658109958","0.000022062338793606735","1.3369446992874146","0.9999998850365932","0.8567079358636087","0.8623549195385535","0.8680019032134982","0.2903869152069092","0.848","0.851335122804739","0.8546702456094781"
"vital-sweep-33","0.00014679949287176668","0.0005692696543497339","0.00002385877448959651","1.2953509092330933","0.9999997997937282","0.8548812664907651","0.8623510413569642","0.8698208162231633","0.2587816119194031","0.846","0.8534886244452378","0.8609772488904756"
"generous-sweep-51","0.00014575563450011742","0.0005743169431234442","0.0000207355133275102","1.346885323524475","0.999999869816946","0.8530545971179216","0.8623020673431143","0.871549537568307","0.2977946996688843","0.85","0.8556601328400576","0.8613202656801152"
"pretty-sweep-97","0.00014245944632832342","0.000569534730212581","0.000025748104715905185","1.3105019330978394","0.9999998790535348","0.8597523848183479","0.8622328147765599","0.864713244734772","0.2704102396965027","0.856","0.8568402397524295","0.8576804795048589"
"trim-sweep-95","0.00014289639725701837","0.0005682174922989915","0.00002798205385880369","1.231285572052002","0.9999998538765602","0.8569108991272579","0.8621569341082143","0.8674029690891705","0.20805881917476657","0.852","0.8540886648984346","0.8561773297968692"
"sweet-sweep-78","0.00014662611628788697","0.0005653611447029246","0.0000216263330070783","1.3710509538650513","0.9999997576822776","0.8573168256545566","0.862065505142644","0.8668141846307315","0.3155776262283325","0.864","0.8604863521011177","0.8569727042022354"
"feasible-sweep-55","0.00014212320895617056","0.0005677156337087619","0.000026753643128811585","1.242956042289734","0.9999999116609066","0.8552871930180638","0.8620096635075011","0.8687321339969384","0.2174925208091736","0.856","0.8556929684493504","0.8553859368987007"
"morning-sweep-102","0.00014682534809621416","0.0005703335390031013","0.000021854614586020877","1.1519339084625244","0.9999998116519848","0.8583316419728029","0.8619973917535666","0.8656631415343304","0.1414421945810318","0.852","0.8562394756751361","0.8604789513502722"
"ethereal-sweep-12","0.0001407458037501303","0.0005698202669073852","0.000028381486101779517","1.2953020334243774","0.9999998783852532","0.854069413436168","0.8618767383972556","0.8696840633583431","0.25874388217926025","0.848","0.8515534487757441","0.8551068975514884"
"northern-sweep-65","0.00014861178362627763","0.0005730879996330002","0.000022744725040352495","1.255048155784607","0.999999847788698","0.8573168256545566","0.8618271297009873","0.866337433747418","0.22717392444610596","0.848","0.8506207334591727","0.8532414669183453"
"gallant-sweep-130","0.00014129843662814465","0.0005729202334659302","0.000024058264406957892","1.3084046840667725","0.99999979739031","0.8552871930180638","0.8618270016555416","0.8683668102930195","0.26880860328674316","0.86","0.8570676365808765","0.8541352731617531"
"dandy-sweep-37","0.00014980587409641925","0.0005743800456405814","0.000023668867669678813","1.2416824102401731","0.99999974117837","0.8548812664907651","0.8617788814830456","0.8686764964753261","0.2164672464132309","0.856","0.8524921239574912","0.8489842479149823"
"hopeful-sweep-52","0.00014088546790821227","0.000570230008521778","0.000027847963866259745","1.1855345964431765","0.9999997316298884","0.8542723766998174","0.8616392041424437","0.86900603158507","0.17019376158714294","0.864","0.8660730417853724","0.8681460835707447"
"polished-sweep-35","0.00014420525743330862","0.0005705417825414545","0.00002993108847471831","1.3487390279769895","0.99999992813799","0.854069413436168","0.8616363321473266","0.8692032508584853","0.2991701066493988","0.864","0.8589760236323659","0.8539520472647318"
"comfy-sweep-91","0.00014729858316735056","0.0005706002235950067","0.00002068048017853236","1.2253117561340332","0.9999997699264176","0.8550842297544144","0.8614043498941053","0.8677244700337963","0.20319528877735135","0.866","0.8652716167905526","0.8645432335811053"
"fragrant-sweep-5","0.000142037150694034","0.0005673107519450981","0.000021890384872752563","1.232480525970459","0.9999998391884254","0.855490156281713","0.8613890282803394","0.8672879002789656","0.20902881026268005","0.86","0.8588466087600244","0.8576932175200489"
"jumping-sweep-45","0.0001495142949634613","0.0005696021102893451","0.00002298835330152341","1.2620152235031128","0.9999998185466996","0.8516338542723767","0.8613867808249438","0.8711397073775109","0.23270981013774872","0.848","0.8530774363602377","0.8581548727204754"
"polished-sweep-22","0.0001498232310877027","0.0005696301813769746","0.000020857844227127852","1.376799702644348","0.9999998327293784","0.8530545971179216","0.8613742505293454","0.869693903940769","0.3197617530822754","0.848","0.8557901648063779","0.8635803296127559"
"distinctive-sweep-10","0.0001422510279581955","0.0005740424695495728","0.00002764428048720265","1.214726805686951","0.9999998005156904","0.8538664501725187","0.8611741097610663","0.8684817693496139","0.19451916217803955","0.846","0.8538426653252678","0.8616853306505357"
"wobbly-sweep-67","0.00014447198457935264","0.0005718587490287112","0.000025188135173506066","1.200905442237854","0.9999999686690844","0.8516338542723767","0.8610667912879653","0.8704997283035537","0.18307581543922424","0.86","0.8604784756028154","0.860956951205631"
"serene-sweep-117","0.00014678103374506644","0.0005655878601611845","0.00002903895962411245","1.2359459400177002","0.9999998106828204","0.8526486705906231","0.8607651508221286","0.868881631053634","0.2118365466594696","0.858","0.8604278364088531","0.8628556728177064"
"gentle-sweep-42","0.00014873241260751697","0.0005686071484436031","0.000025926502931835496","1.2208627462387085","0.999999594169534","0.8510249644814288","0.8604787665499323","0.8699325686184358","0.19955772161483765","0.85","0.8521565005201434","0.8543130010402867"
"still-sweep-25","0.00014437638825956625","0.0005700163005877487","0.000028101467587425523","1.3063132762908936","0.9999998460431608","0.8550842297544144","0.8603997220255235","0.8657152142966325","0.26720887422561646","0.848","0.8559327794058098","0.8638655588116195"
"fresh-sweep-116","0.0001469267354253481","0.0005745437152958831","0.00002671227939053408","1.2021307945251465","0.999999747664624","0.853257560381571","0.8603098515545204","0.86736214272747","0.1840955764055252","0.85","0.8497935380113427","0.8495870760226855"
"daily-sweep-61","0.00014683536135684652","0.0005659643789069065","0.00002997795206030095","1.2216640710830688","0.999999658939476","0.853257560381571","0.8601683919212377","0.8670792234609046","0.20021390914916992","0.86","0.8616152698965736","0.8632305397931471"
"desert-sweep-48","0.0001407057263432992","0.0005690576553538755","0.000028367625544990262","1.2405210733413696","0.9999998360759114","0.8510249644814288","0.8598888472974253","0.8687527301134218","0.21553143858909607","0.852","0.8549311262369794","0.8578622524739589"
"colorful-sweep-19","0.00014505205523090796","0.0005652932205062958","0.000028023420939647192","1.1947911977767944","0.9999998301117357","0.8498071848995332","0.8597556532461273","0.8697041215927215","0.17797142267227173","0.846","0.8539745210336475","0.861949042067295"
"earthy-sweep-18","0.00014304923500137322","0.0005721697201330181","0.000027570927733305128","1.2666947841644287","0.9999998842230888","0.8520397807996752","0.859723559005691","0.8674073372117067","0.2364109456539154","0.854","0.8554903982156356","0.8569807964312711"
"dauntless-sweep-27","0.00014619801830716725","0.0005672016269258955","0.000025113574670883188","1.332566261291504","0.9999998256237804","0.8524457073269738","0.8596397715888019","0.86683383585063","0.28710663318634033","0.85","0.8527727558307814","0.8555455116615629"
"exalted-sweep-64","0.0001499102566151465","0.000566711018645033","0.00002579319874336278","1.280785083770752","0.9999999143853654","0.8487923685812868","0.8595362389512269","0.870280109321167","0.24747326970100403","0.848","0.8538797748161777","0.8597595496323555"
"stilted-sweep-11","0.0001423332392184651","0.0005733994558057147","0.00002906871569210849","1.3028383255004885","0.9999998009224148","0.8496042216358839","0.8593446732090474","0.8690851247822109","0.2645452916622162","0.852","0.8547524781012142","0.8575049562024285"
"upbeat-sweep-30","0.0001405683419948257","0.000565586323009704","0.000028771509230636187","1.3505373001098633","0.999999853031212","0.8500101481631824","0.8592177582390303","0.8684253683148784","0.3005024790763855","0.848","0.8537750291123611","0.8595500582247224"
"trim-sweep-46","0.00014561216544893864","0.0005709263184460255","0.00002144377602393299","1.2292214632034302","0.9999998017829704","0.8498071848995332","0.8591831484945431","0.868559112089553","0.20638108253479004","0.846","0.8534773235590216","0.8609546471180434"
"breezy-sweep-92","0.00014780852096696353","0.0005654090788708817","0.000029761141777406515","1.2811057567596436","0.9999997941583034","0.8510249644814288","0.8588005754475851","0.8665761864137416","0.2477235645055771","0.842","0.8455040426918299","0.8490080853836598"
"expert-sweep-72","0.00014449271522427745","0.0005709909893627795","0.000028442180355254595","1.2777116298675537","0.9999999152515654","0.8498071848995332","0.8587710977039962","0.8677350105084591","0.2450706660747528","0.854","0.8552656713222128","0.8565313426444255"
"expert-sweep-59","0.00014027896923747053","0.0005714979455965218","0.000029987931960342336","1.2934257984161377","0.9999999547888924","0.851836817536026","0.8586315538473837","0.8654262901587414","0.25729435682296753","0.854","0.8589032237266849","0.8638064474533699"
"vocal-sweep-60","0.00014535830732172238","0.0005666821706081976","0.000025117062789445864","1.323540210723877","0.9999998494800688","0.848995331844936","0.8581253120359847","0.8672552922270335","0.28031012415885925","0.848","0.8529550734055089","0.8579101468110177"
"deft-sweep-13","0.00014005612477539897","0.0005744248604074681","0.000021785820929606424","1.284229397773743","0.9999998322413488","0.8445301400446519","0.8547307088455405","0.8649312776464292","0.2501588463783264","0.858","0.8550136212604594","0.8520272425209189"