"Name","adamw_lr","alpha","freeze_layers","muon_lr","batch_perplexity","raw_grad_norm","test_accuracy","test_combined_score","test_pearson","train_loss","val_accuracy","val_combined_score","val_pearson"
"silver-sweep-100","0.00019801358738778831","0.12803246603800886","3","0.000680227470445053","1.4311983585357666","0.9999999503432198","0.8707124010554089","0.875691335635683","0.880670270215957","0.3585120737552643","0.856","0.86704874684306","0.87809749368612"
"driven-sweep-62","0.0000064110199140966305","0.032323392185231885","2","0.0003995467993219395","1.4529359340667725","0.9999998967709992","0.8680738786279684","0.8756583525190869","0.8832428264102055","0.3735862672328949","0.87","0.8736471530803198","0.8772943061606397"
"dainty-sweep-37","0.000005232433024338844","0.18140784860980336","3","0.0005137759559512827","1.447451114654541","0.9999997129176704","0.8705094377917597","0.8754261765109028","0.8803429152300459","0.3698042035102844","0.874","0.8762252630689269","0.8784505261378538"
"noble-sweep-60","0.00002246555571140311","0.007880586091863795","4","0.000895581170202091","1.1485118865966797","0.999999685118396","0.8717272173736553","0.8749613554145617","0.8781954934554681","0.13846705853939056","0.842","0.8515576487682787","0.8611152975365574"
"exalted-sweep-52","0.0002175551784931672","0.0448731396462112","5","0.0002797869407137016","1.3924355506896973","0.9999999491756169","0.8654353562005277","0.874769205041798","0.8841030538830683","0.3310544490814209","0.846","0.8601337268450957","0.8742674536901913"
"bumbling-sweep-63","0.000003802287686875386","0.09344195564666938","6","0.0006686629381047601","1.3602893352508545","0.99999978106384","0.8660442459914756","0.8736022771943128","0.8811603083971501","0.3076974153518677","0.866","0.8716710447006297","0.8773420894012594"
"vague-sweep-11","0.000015303654472219247","0.12753068129650605","0","0.0005368730815509282","1.3102211952209473","0.9999996318027322","0.8680738786279684","0.8735923010405511","0.8791107234531337","0.27019596099853516","0.878","0.8731681907472729","0.8683363814945458"
"daily-sweep-65","0.000004835797794020091","0.12103134198539954","4","0.0002740903274981798","1.4874777793884275","1.000000003281831","0.8652323929368785","0.8733253392559178","0.8814182855749572","0.39708197116851807","0.852","0.863594379912788","0.875188759825576"
"stellar-sweep-102","0.00017817528603582104","0.14621050003216424","5","0.0006285830900303217","1.362266182899475","0.9999996067100592","0.8634057235640349","0.8726047806841879","0.881803837804341","0.3091496229171753","0.846","0.8571316646650098","0.8682633293300195"
"iconic-sweep-53","0.0001103652648576304","0.01754276821968248","1","0.0004231791967774574","1.2723621129989624","0.999999907152269","0.8623909072457885","0.872449523254135","0.8825081392624816","0.24087508022785187","0.866","0.869289489899951","0.8725789797999022"
"daily-sweep-14","0.00017175541751657575","0.0787847070774314","7","0.0007661285905776444","1.313805103302002","0.9999996456688162","0.8621879439821393","0.8723603391306521","0.882532734279165","0.27292758226394653","0.854","0.861818733086918","0.8696374661738361"
"bumbling-sweep-107","0.00020309477798530128","0.0834563983631802","7","0.0009366638919688624","1.5444722175598145","0.9999997690566228","0.8650294296732292","0.8718508085295527","0.8786721873858762","0.43468230962753296","0.88","0.8772316117814485","0.8744632235628971"
"zany-sweep-95","0.0000647441810574087","0.050897408904773234","0","0.00037998291917256473","1.2738170623779297","0.9999998050752776","0.8623909072457885","0.8717893183478","0.8811877294498116","0.2420179694890976","0.87","0.8695941766009185","0.8691883532018371"
"swept-sweep-114","0.00001981037728719634","0.06775171705130437","5","0.0007830807486078491","1.310649871826172","0.999999908759884","0.8652323929368785","0.8717040304019847","0.8781756678670909","0.2705231308937073","0.868","0.8684809114545817","0.8689618229091636"
"easy-sweep-3","0.00002223779652150432","0.1490507271037392","0","0.00032633457283795205","1.650254487991333","0.9999998701613358","0.8654353562005277","0.8713724860033474","0.8773096158061672","0.5009294748306274","0.868","0.8692405133278465","0.870481026655693"
"vibrant-sweep-15","0.0001240671555147114","0.188905761026854","0","0.0005775123361593542","1.4248305559158323","0.9999996826529656","0.867870915364319","0.870474214534977","0.8730775137056349","0.3540528118610382","0.836","0.8466474861822316","0.8572949723644633"
"vibrant-sweep-106","0.000011877605406516668","0.0971986147724206","6","0.0003356507949704563","1.3717905282974243","0.9999997924162288","0.8573168256545566","0.870442525623276","0.8835682255919952","0.3161168694496155","0.864","0.870747467396263","0.877494934792526"
"dashing-sweep-61","0.00007799744208021428","0.02880713300215485","1","0.0003290467078051489","1.2908620834350586","0.9999998696170252","0.8625938705094378","0.8703823986414401","0.8781709267734422","0.2553102374076843","0.872","0.8729569531997106","0.873913906399421"
"celestial-sweep-57","0.000052573543283535306","0.010386539049454637","6","0.0003945924539777868","1.2868434190750122","0.9999999654791454","0.8583316419728029","0.870240230011738","0.8821488180506731","0.2521922290325165","0.862","0.8684702549514096","0.8749405099028194"
"breezy-sweep-58","0.000009379319641868466","0.09532394243833638","5","0.00023383281720823197","1.438060283660889","0.9999998716384386","0.8593464582910493","0.8699990677988234","0.8806516773065974","0.3632951080799103","0.86","0.86662409659514","0.87324819319028"
"warm-sweep-34","0.00001834864896457072","0.13361455121675178","6","0.0004213518009046901","1.627070665359497","0.999999874979449","0.8585346052364522","0.8699907979073216","0.881446990578191","0.4867812097072602","0.858","0.8664949530945683","0.8749899061891366"
"olive-sweep-41","0.000006177079495594152","0.0753239269758997","8","0.0009314123586169604","1.5978878736495972","0.9999998310048972","0.860564237872945","0.8699325959531289","0.8793009540333128","0.46868273615837097","0.872","0.8695805682974334","0.8671611365948666"
"fiery-sweep-85","0.00000500429801470656","0.052175989922137726","7","0.0009196380371961748","1.3474764823913574","0.9999997118359596","0.8607672011365943","0.8698426859388108","0.8789181707410272","0.2982335090637207","0.854","0.8640790031314105","0.8741580062628209"
"blooming-sweep-116","0.000015704465906896587","0.17554728929873936","3","0.00020180301247988935","1.4480713605880735","0.999999820434854","0.8615790541911914","0.8696910301819396","0.8778030061726878","0.3702325224876404","0.844","0.8589686101116175","0.8739372202232351"
"gallant-sweep-70","0.00008953616089871475","0.10226289854972968","4","0.00022640664859915264","1.398432374000549","0.9999997915484156","0.8617820174548406","0.8696549807074336","0.8775279439600268","0.3353518843650818","0.86","0.8670496024584143","0.8740992049168287"
"misty-sweep-117","0.000011468558695521634","0.16794780966418055","2","0.0006537827472598523","1.735812067985535","0.9999998452483077","0.8644205398822813","0.8695818657285574","0.8747431915748335","0.5514753460884094","0.856","0.8634232508267088","0.8708465016534176"
"swift-sweep-48","0.000036984518059342505","0.19645520322458937","3","0.0007487201695992269","1.4502769708633425","0.9999997567168636","0.8646235031459306","0.869340669934501","0.8740578367230715","0.37175452709198","0.864","0.8669632469749875","0.8699264939499751"
"rare-sweep-72","0.000014081781469422713","0.04139088289954021","6","0.00024747380483644126","1.3857184648513794","0.9999999209851828","0.8567079358636087","0.8692045967938486","0.8817012577240886","0.32621872425079346","0.86","0.8671116950650308","0.8742233901300618"
"hardy-sweep-54","0.000012614146752416923","0.05408683346364403","1","0.0004986727409307132","1.307815670967102","0.9999997621134392","0.8597523848183479","0.8691588672451094","0.8785653496718709","0.2683582901954651","0.86","0.863954700105974","0.8679094002119478"
"elated-sweep-88","0.000021785643262397","0.12982096319314332","6","0.0004068190873822135","1.5845061540603638","0.9999999707068268","0.8558960828090115","0.8689654880115592","0.8820348932141069","0.46027275919914246","0.862","0.868878120236382","0.875756240472764"
"sweepy-sweep-28","0.00006850979803305483","0.07477411227722189","7","0.000393841184406387","1.43782639503479","0.9999999131054592","0.8542723766998174","0.8687798002630959","0.8832872238263744","0.3631325364112854","0.86","0.8690030025351978","0.8780060050703955"
"sunny-sweep-21","0.000009267576372726896","0.1783010130947753","9","0.0007052541190960998","1.4648667573928833","0.999999895039531","0.8629997970367363","0.8683855988529308","0.8737714006691251","0.38176429271698","0.862","0.8663600884246718","0.8707201768493437"
"absurd-sweep-12","0.00006231732083967531","0.18487154329462763","4","0.0001714975756496954","1.5267342329025269","0.999999869455338","0.8579257154455043","0.8679688210321415","0.8780119266187786","0.4231310188770294","0.844","0.858232319638796","0.8724646392775919"
"brisk-sweep-68","0.00010528590920475356","0.05082968905625745","5","0.0008874909564591279","1.230095148086548","0.9999996668809232","0.8621879439821393","0.8677256775933286","0.8732634112045179","0.2070914655923843","0.864","0.8626643746620557","0.8613287493241115"
"likely-sweep-19","0.000016182883504750498","0.13825818391552225","5","0.0005644112605683516","1.4252310991287231","0.9999996616325576","0.8573168256545566","0.8677013232719677","0.8780858208893789","0.35433393716812134","0.856","0.8637135105253374","0.8714270210506748"
"brisk-sweep-35","0.000006443136735890166","0.14536774410788397","4","0.0005328880765184448","1.3915461301803589","0.9999996672566162","0.8599553480819971","0.8676876465452128","0.8754199450084286","0.3304154574871063","0.862","0.865447996325359","0.8688959926507178"
"fresh-sweep-44","0.0000681028769166104","0.12788924272966992","9","0.000942607584933977","1.4598487615585327","0.9999997728336284","0.8607672011365943","0.8673399430202343","0.8739126849038743","0.3783329129219055","0.856","0.8621343541363138","0.8682687082726275"
"dry-sweep-113","0.000048052739350661274","0.16355287467986576","1","0.0001657026508827753","1.476880431175232","0.9999998527080668","0.8591434950274001","0.8671403624750309","0.8751372299226616","0.38993212580680847","0.858","0.8659602602689556","0.8739205205379111"
"revived-sweep-4","0.0001117404533520553","0.17632838154654615","0","0.0004167003653009082","1.4400030374526978","0.9999998375418476","0.8583316419728029","0.8670428272390124","0.8757540125052219","0.36464518308639526","0.868","0.8672942735524327","0.8665885471048654"
"solar-sweep-45","0.00017803871341516285","0.19960369032442693","6","0.00015480403643778265","1.5620098114013672","0.9999998022340444","0.8522427440633246","0.866779240840594","0.8813157376178634","0.44597339630126953","0.84","0.8603385449759777","0.8806770899519555"
"fluent-sweep-83","0.00002655641980128691","0.0111067370490747","2","0.0008820943933526665","1.3476568460464478","1.0000000450582502","0.8621879439821393","0.8666993120586804","0.8712106801352216","0.29836732149124146","0.864","0.8624618794789627","0.8609237589579254"
"pious-sweep-33","0.00017235904718049854","0.03705905360843958","0","0.0008611481922637903","1.576551914215088","0.9999998013640236","0.8615790541911914","0.8661425788852113","0.8707061035792311","0.45524007081985474","0.852","0.8616818104186157","0.8713636208372314"
"brisk-sweep-98","0.00002735265096286118","0.15877448536207725","7","0.0003074431778700717","1.4653035402297974","0.9999997641863898","0.8534605236452202","0.8657034800705785","0.8779464364959368","0.38206246495246887","0.86","0.8673952513590009","0.8747905027180019"
"rich-sweep-71","0.000010331553369678312","0.10877977272483388","8","0.00045676866190994306","1.4149962663650513","0.9999997469261244","0.8516338542723767","0.8656195294787253","0.879605204685074","0.34712687134742737","0.854","0.8643198257740714","0.8746396515481428"
"lemon-sweep-97","0.00023568563127452345","0.006606674160619597","8","0.0008378796274589603","1.1634583473205566","0.9999997777116116","0.8542723766998174","0.8654998027738414","0.8767272288478656","0.15139693021774292","0.86","0.8615247281478131","0.8630494562956261"
"proud-sweep-91","0.00006615526441890987","0.12311431464846669","3","0.00047159410222808823","1.3546061515808103","0.9999996924939722","0.8573168256545566","0.8654649993096739","0.8736131729647911","0.3035108149051666","0.866","0.8663099327065192","0.8666198654130385"
"devout-sweep-59","0.00012865830244145009","0.09596109498381698","5","0.0004998934038335451","1.3350980281829834","0.9999997747137852","0.8516338542723767","0.8654542943750703","0.8792747344777638","0.2890046536922455","0.856","0.8629401440403442","0.8698802880806885"
"fancy-sweep-42","0.000005171840246165945","0.015200468590109527","1","0.0006642411301276033","1.1892672777175903","0.9999998189022692","0.8575197889182058","0.8654014411518841","0.8732830933855624","0.17333734035491943","0.86","0.8623184696878703","0.8646369393757405"
"snowy-sweep-80","0.00006553582540753541","0.1903206183479085","1","0.0007636085463094915","1.4680978059768677","0.99999982468056","0.8617820174548406","0.865203756422176","0.8686254953895112","0.3839675784111023","0.856","0.862477458770361","0.868954917540722"
"glowing-sweep-86","0.000017217463132570727","0.05176530971180773","9","0.0009476096518539372","1.306215763092041","0.9999997191903772","0.8530545971179216","0.8650454254718041","0.8770362538256864","0.2671341896057129","0.854","0.8588970972296759","0.8637941944593519"
"major-sweep-16","0.00005179063384932668","0.1466412904563711","0","0.0008756009327940144","1.3823063373565674","0.9999998031434132","0.8611731276638929","0.8647941151143166","0.8684151025647402","0.323753297328949","0.866","0.8660330583277158","0.8660661166554318"
"sweepy-sweep-29","0.0000060242583514369854","0.196556101209766","3","0.0004604788716652157","1.5073058605194092","0.9999998268784424","0.8573168256545566","0.8647098273757873","0.872102829097018","0.410323828458786","0.858","0.8639737041571851","0.8699474083143701"
"ethereal-sweep-17","0.000011027760240682217","0.08436601598494636","7","0.00024701886533504575","1.43015456199646","0.9999998351335924","0.851836817536026","0.8646883561348717","0.8775398947337174","0.3577825129032135","0.848","0.8612419957149648","0.8744839914299297"
"copper-sweep-55","0.00002141046506601102","0.149226005760389","1","0.0007388121303432527","1.359289288520813","0.9999996512571198","0.8563020093363102","0.8646497406889432","0.8729974720415762","0.30696195363998413","0.856","0.8632909117055936","0.8705818234111872"
"efficient-sweep-103","0.00003122258006478095","0.09876642916828492","3","0.0009973542881223818","1.6482120752334597","0.999999753532766","0.8587375685001015","0.8644140432150436","0.8700905179299855","0.49969109892845154","0.85","0.8526436006141371","0.8552872012282744"
"stilted-sweep-104","0.0001051868254733107","0.1811142239681183","0","0.00013257022142021136","1.482276201248169","0.9999998888952516","0.8546783032271159","0.8640326830450619","0.8733870628630078","0.393578827381134","0.856","0.8639913986569677","0.8719827973139355"
"vocal-sweep-96","0.00000538837707500684","0.1691107174019442","4","0.00016318428402394935","1.583826780319214","0.9999998561231008","0.8542723766998174","0.8639077397220878","0.8735431027443583","0.4598439037799835","0.846","0.8572838447981839","0.8685676895963678"
"sparkling-sweep-30","0.000005986116283256262","0.03868474469213512","0","0.0008243724473689035","1.1714556217193604","0.999999611287015","0.8558960828090115","0.8637400519317051","0.8715840210543987","0.15824708342552185","0.846","0.8542569998081664","0.8625139996163328"
"true-sweep-89","0.00014504480904146966","0.042634162783553455","9","0.0006558010887836816","1.3423413038253784","0.9999998767606778","0.8485894053176375","0.8637253673445299","0.8788613293714223","0.29441535472869873","0.846","0.8574067410506873","0.8688134821013745"
"peachy-sweep-13","0.00009415770949138153","0.12190845640527928","0","0.0006596664304560517","1.3750067949295044","0.9999997886256308","0.8607672011365943","0.8633937903262996","0.866020379516005","0.3184586465358734","0.87","0.870731053556215","0.8714621071124301"
"devout-sweep-69","0.00017161358165335833","0.195581470240626","3","0.0008594608547852819","1.4222896099090576","0.9999996408840705","0.8552871930180638","0.8629224937991377","0.8705577945802115","0.35226792097091675","0.852","0.8579451024367108","0.8638902048734217"
"tough-sweep-92","0.0000048954830203795646","0.1625959082006797","9","0.0006232859587850896","1.4819892644882202","0.9999997616752752","0.8548812664907651","0.8628846505562666","0.8708880346217681","0.3933852314949035","0.854","0.8640183956994836","0.8740367913989673"
"divine-sweep-110","0.00004821521642591875","0.07372390546674248","0","0.0008690480867297638","1.5016759634017944","0.9999998590647096","0.8522427440633246","0.8624083797315181","0.8725740153997117","0.4065817594528198","0.834","0.8462011353528716","0.8584022707057433"
"stoic-sweep-76","0.000011451072970345352","0.18639880630110783","2","0.00018674089417563197","1.4930477142333984","0.9999998909514198","0.8552871930180638","0.862179951063246","0.869072709108428","0.40081948041915894","0.844","0.8579969305671586","0.8719938611343172"
"hardy-sweep-84","0.00002350280804287896","0.04192031870261681","2","0.00017729426989445806","1.3772937059402466","0.9999999436306396","0.8520397807996752","0.8619720457374973","0.8719043106753193","0.3201204836368561","0.844","0.8580101031106542","0.8720202062213084"
"trim-sweep-7","0.00006581456666003224","0.002913550892585071","7","0.00029071709857122807","1.326408863067627","0.999999944750458","0.8445301400446519","0.861849869705953","0.8791695993672541","0.28247523307800293","0.848","0.8607182685580801","0.8734365371161602"
"usual-sweep-64","0.000008780668975907402","0.003243006095194812","7","0.00021255223652368437","1.4413477182388306","0.9999999302246048","0.8473716257357419","0.861747469968146","0.87612331420055","0.3655785918235779","0.848","0.8607744546585199","0.8735489093170398"
"ethereal-sweep-66","0.000009443322542727814","0.07971259102266232","3","0.00019190789477719765","1.4244401454925537","0.9999998307603576","0.8494012583722347","0.8611890236533114","0.8729767889343881","0.3537788391113281","0.844","0.8583523626178056","0.872704725235611"
"crisp-sweep-18","0.000010440130877289314","0.1989792059119314","4","0.00014331741193549956","1.6481337547302246","0.99999979378856","0.851836817536026","0.8610251110299851","0.8702134045239444","0.4996435642242432","0.84","0.8528765668211624","0.865753133642325"
"fancy-sweep-31","0.000008647896853322787","0.0869624958616264","3","0.00014879323313282284","1.5634171962738037","0.9999999125093332","0.8483864420539883","0.8604433973430433","0.8725003526320984","0.4468739330768585","0.852","0.8602860129368703","0.8685720258737406"
"denim-sweep-1","0.00009659902602650044","0.050456257748691405","6","0.0001371082007003005","1.6082332134246826","0.9999999343200277","0.8449360665719505","0.8600476275121082","0.8751591884522658","0.4751361608505249","0.84","0.8568523059364692","0.8737046118729384"
"absurd-sweep-26","0.00005295532227033016","0.03205167702025196","7","0.00017714157125024127","1.54597008228302","0.9999998452116816","0.8449360665719505","0.859740336253322","0.8745446059346935","0.4356516003608704","0.846","0.8602245774939601","0.8744491549879203"
"glad-sweep-23","0.000022471738939330005","0.053472225834002775","5","0.00013804688326787107","1.6269245147705078","0.9999997937182958","0.8461538461538461","0.8587234918061415","0.871293137458437","0.486691415309906","0.832","0.8485848238757623","0.8651696477515246"
"winter-sweep-27","0.000033060641822462085","0.05518896727121241","1","0.00011254047440539624","1.570747971534729","0.9999998540875256","0.8483864420539883","0.8575496484824108","0.8667128549108332","0.4515519142150879","0.84","0.8527514023323193","0.8655028046646387"
"wandering-sweep-10","0.0001879430596123735","0.1225546835916204","9","0.00035762084601784086","1.48201584815979","0.9999998423077008","0.8437182869900548","0.8572047058856197","0.8706911247811846","0.39340317249298096","0.85","0.8618939526443798","0.8737879052887596"
"stilted-sweep-122","0.00004395934479595157","0.06047979341989234","9","0.00034679159507798536","1.3636956214904783","0.9999998819615212","0.8422975441445099","0.8570428858887672","0.8717882276330245","0.3101983666419983","0.846","0.8598232121344782","0.8736464242689564"
"magic-sweep-32","0.00002629404406652639","0.07647198840884734","0","0.00010065887235212684","1.6110888719558716","0.9999998776748752","0.846762735944794","0.8561425309079567","0.8655223258711192","0.4769103229045868","0.838","0.8509691135036039","0.8639382270072078"
"fresh-sweep-82","0.00024635592968239104","0.17822644884990155","8","0.0002110691982382724","1.5251291990280151","0.9999997933363166","0.8392530951897706","0.8557833023094925","0.8723135094292145","0.42207908630371094","0.846","0.8625966736270065","0.879193347254013"
"eternal-sweep-78","0.00000379292017468686","0.03636965335338876","8","0.00022466052784707373","1.462317705154419","0.9999998698874842","0.8374264258169272","0.8548129282721868","0.8721994307274463","0.38002267479896545","0.85","0.8616885525658039","0.8733771051316078"
"dry-sweep-22","0.0002090570042593466","0.035120437623746815","9","0.00027065153409824155","1.475238561630249","0.999999814382503","0.8382382788715242","0.8546292122329255","0.8710201455943268","0.38881975412368774","0.842","0.8587199659163917","0.8754399318327833"
"northern-sweep-38","0.000011053892103498957","0.14726699041086302","2","0.00011275389231800212","1.686357021331787","0.9999998334394568","0.8439212502537041","0.8543696696287566","0.864818089003809","0.5225706100463867","0.834","0.8489906452833217","0.8639812905666434"
"blooming-sweep-87","0.00000893701591117447","0.058638157835691866","9","0.0002563425809283259","1.4475699663162231","0.9999998494542092","0.8345849401258372","0.8512973544472225","0.8680097687686079","0.36988621950149536","0.844","0.8569146510127869","0.8698293020255737"
"major-sweep-118","0.000184319789684206","0.08007611525793308","10","0.0006151102516699692","1.6667765378952026","0.9999999886089926","0.8341790135985386","0.8512860790120343","0.8683931444255301","0.5108915567398071","0.838","0.8529542105751915","0.8679084211503829"
"clean-sweep-81","0.00005057759262728803","0.12997945181580114","7","0.0001472880948008212","1.7020190954208374","0.999999863029576","0.8323523442256952","0.8508797926500734","0.8694072410744517","0.5318152904510498","0.83","0.8507253942827037","0.8714507885654074"
"wise-sweep-79","0.00000985830072893594","0.12876792745310872","9","0.00025270622228780655","1.5082422494888306","0.9999998610449432","0.8349908666531358","0.8507734790619577","0.8665560914707796","0.4109448790550232","0.842","0.8560161450395011","0.8700322900790022"
"earnest-sweep-93","0.00000788499432022207","0.03245688933354818","9","0.0002438209441631597","1.4589349031448364","0.9999998985153988","0.8313375279074487","0.8487993510552947","0.8662611742031406","0.3777066469192505","0.834","0.8498200716058404","0.8656401432116809"
"sage-sweep-51","0.00001626296839506632","0.1417868758677909","5","0.00011713833381885144","1.7743128538131714","0.9999998058719431","0.8333671605439416","0.8487599817517548","0.8641528029595682","0.5734131932258606","0.832","0.8466792112558732","0.8613584225117463"
"crimson-sweep-120","0.000025550391626751357","0.07524440102298957","8","0.00017179552582336096","1.6557971239089966","0.9999998807001628","0.8264664095798661","0.8467943620979588","0.8671223146160516","0.5042824745178223","0.836","0.8524135654434195","0.868827130886839"
"vocal-sweep-121","0.00010786738441980524","0.1186266668089414","7","0.00011878928558485896","1.7800915241241455","0.9999998796794743","0.8264664095798661","0.846368612182232","0.8662708147845981","0.5766648054122925","0.836","0.8521611442306962","0.8683222884613926"
"fresh-sweep-101","0.0000677188919544946","0.017454178372932307","8","0.00015259774198515876","1.695651650428772","0.9999998897526804","0.8262634463162167","0.8453163516495814","0.8643692569829461","0.5280671119689941","0.832","0.848821398873671","0.8656427977473421"
"noble-sweep-2","0.00010979392061604062","0.15897374884009352","10","0.00033294915492861624","1.520195722579956","0.9999997932321056","0.827887152425411","0.8437050069301603","0.8595228614349095","0.41883906722068787","0.846","0.8553666798248546","0.8647333596497092"
"fresh-sweep-75","0.00010601832257151408","0.04697809694217099","11","0.0008004482480794715","1.6765564680099487","0.999999881330977","0.8262634463162167","0.8428927943027771","0.8595221422893374","0.516741931438446","0.842","0.8537182094317737","0.8654364188635475"
"balmy-sweep-99","0.00013062312186457633","0.12142886200132996","10","0.00030856356324758554","1.515908122062683","0.9999998305032144","0.8252486299979703","0.8425593117056884","0.8598699934134066","0.4160147309303284","0.842","0.8527778883546749","0.8635557767093499"
"gallant-sweep-8","0.000019687301796815813","0.10118512368586136","7","0.00013434682726802506","1.7771649360656738","0.9999999264705256","0.8222041810432312","0.8423670715547765","0.8625299620663218","0.5750194191932678","0.828","0.8458132680569039","0.863626536113808"
"fine-sweep-43","0.000039549771578007375","0.060918698864317535","11","0.0008176637400194182","1.7527903318405151","0.9999999242093452","0.8260604830525675","0.8419048724844662","0.8577492619163649","0.5612090229988098","0.846","0.8569946021563053","0.8679892043126105"
"polished-sweep-115","0.00006833982467724511","0.1405644765560456","11","0.0007889083936062164","1.6983275413513184","0.9999998757343712","0.8248427034706718","0.8407583414066773","0.8566739793426826","0.5296438932418823","0.84","0.8503782845741212","0.8607565691482424"
"bumbling-sweep-109","0.000005904849915329791","0.15577839218014294","6","0.00011910878939117466","1.8408373594284055","0.999999888144962","0.8203775116703876","0.8397737402499479","0.859169968829508","0.6102205514907837","0.824","0.8416430719995696","0.8592861439991392"
"atomic-sweep-74","0.00014500035820627557","0.13697744195895997","11","0.0007510416624686306","1.6364893913269043","0.9999998567417768","0.8234219606251268","0.8386264547719813","0.8538309489188356","0.4925532937049866","0.84","0.8500465062183973","0.8600930124367947"
"absurd-sweep-77","0.000052346086773863705","0.07105187562838887","8","0.00013264483005376253","1.8203811645507812","0.999999868602296","0.8146945402882079","0.8364576844530291","0.8582208286178504","0.5990458726882935","0.826","0.843170162174465","0.8603403243489302"
"stilted-sweep-50","0.000039880502467928584","0.06466948324330038","10","0.00024693005971234495","1.5986579656600952","0.9999998915866803","0.8138826872336107","0.834197390497686","0.8545120937617614","0.4691645503044128","0.826","0.8410540004915182","0.8561080009830365"
"fearless-sweep-111","0.00000825531784140682","0.12995717122115605","12","0.0005954034022342733","1.6964476108551023","0.9999998947274666","0.8167241729247007","0.8319853329424144","0.8472464929601281","0.5285364389419556","0.822","0.8374695810124527","0.8529391620249055"
"serene-sweep-6","0.0000038407055761006676","0.1999145883395376","12","0.0006610027113986137","1.7780827283859253","0.9999998118168836","0.8144915770245585","0.8301249377619822","0.8457582984994058","0.5755356550216675","0.814","0.8325839487851099","0.8511678975702198"
"azure-sweep-73","0.00010578406218056552","0.007666351930402682","8","0.00010312296522276428","1.912667751312256","0.9999999370285072","0.8057641566876396","0.8287344635457421","0.8517047704038447","0.6484990119934082","0.81","0.8311606275118018","0.8523212550236036"
"light-sweep-20","0.00007996856653209725","0.04929923183714072","8","0.00010480405308592374","1.939262866973877","0.999999961928573","0.8059671199512888","0.828278327753948","0.8505895355566074","0.6623079776763916","0.806","0.8290102346563657","0.8520204693127313"
"dandy-sweep-39","0.00000770396384928502","0.06179853661960699","10","0.00021652091954598948","1.6798244714736938","0.9999998056476396","0.8057641566876396","0.8281998717416512","0.8506355867956629","0.5186893343925476","0.814","0.8319895257761085","0.8499790515522171"
"fallen-sweep-36","0.00013127245647440175","0.15868955481826194","9","0.00012238021293128093","1.896868348121643","0.9999998086213636","0.8049523036330424","0.8274308747790521","0.8499094459250618","0.6402043104171753","0.814","0.834221086940265","0.85444217388053"
"unique-sweep-9","0.00008041017832574965","0.1965065908049657","12","0.0007643577021846032","1.624922752380371","0.9999997547916654","0.815506393342805","0.8273151513888055","0.8391239094348062","0.48546022176742554","0.808","0.8288559350686968","0.8497118701373935"
"cosmic-sweep-119","0.00012690197434820488","0.03514739876883093","12","0.0004917896072724408","1.6989293098449707","0.9999998699424903","0.8069819362695352","0.826278891269634","0.8455758462697329","0.529998242855072","0.816","0.8356427831868433","0.8552855663736866"
"proud-sweep-112","0.00006707077109645585","0.07724314870788354","8","0.0001012235072859085","1.9776195287704468","0.9999998332043616","0.8031256342601989","0.8256152617649285","0.8481048892696581","0.6818938851356506","0.806","0.827973779910244","0.8499475598204881"
"stellar-sweep-24","0.00003745419865506422","0.14724413791608645","12","0.0009107108098328946","1.6431291103363037","0.9999997430911646","0.8059671199512888","0.823710067959318","0.8414530159673472","0.4966023862361908","0.808","0.826006153788549","0.8440123075770979"
"floral-sweep-105","0.00001639127323309488","0.15332660448512253","12","0.0004018788415262591","1.739181399345398","0.9999998962506912","0.8035315607874974","0.8231259306967276","0.8427203006059577","0.5534145832061768","0.814","0.832709661187796","0.8514193223755919"
"earthy-sweep-46","0.00002407371652211293","0.09888201801028124","12","0.0003503481608101377","1.748070478439331","0.9999998539508972","0.800284148569109","0.8210187850489021","0.8417534215286951","0.5585125088691711","0.806","0.8257367653533013","0.8454735307066026"
"celestial-sweep-94","0.000004727943719049935","0.07501411603856932","12","0.00026503019414340196","1.8537495136260984","0.9999997690431012","0.7889182058047494","0.8117134346325554","0.8345086634603613","0.6172103881835938","0.798","0.8160245017950762","0.8340490035901524"
"splendid-sweep-67","0.0000038122540067943498","0.18994984818158492","10","0.00012323097655690806","2.112459897994995","0.9999998143920122","0.7619240917393951","0.7973157688799819","0.8327074460205688","0.7478531002998352","0.762","0.7968342859283495","0.831668571856699"
"major-sweep-90","0.00000643480725782489","0.04147157172252807","11","0.00015913111622681652","2.1537015438079834","0.9999997647734258","0.7617211284757459","0.7950973309062366","0.8284735333367274","0.7671879529953003","0.766","0.7940950610352201","0.8221901220704402"
"stellar-sweep-108","0.000009306543371005024","0.16002213066132415","12","0.00020445240685069","2.1014997959136963","0.9999998123450384","0.7513700020296327","0.7875757307829925","0.8237814595363522","0.7426512241363525","0.752","0.7872595367102283","0.8225190734204566"
"fresh-sweep-47","0.000027421169301141795","0.07534849865743586","11","0.0001244888743675519","2.3943071365356445","0.999999815147999","0.6939313984168866","0.7554149688894329","0.8168985393619793","0.873093843460083","0.7","0.7538905539745303","0.8077811079490607"
"still-sweep-5","0.000014772848076352656","0.08815567994732379","11","0.0001239149682767903","2.4263312816619873","0.9999998072827389","0.6870306474528111","0.751421483789283","0.815812320125755","0.8863803744316101","0.678","0.7423040346774081","0.8066080693548162"
"still-sweep-25","0.00007793810675816562","0.06229299020670627","12","0.00015709960540132982","2.4157400131225586","0.999999753861742","0.6880454637710575","0.7514078056112827","0.8147701474515079","0.8820056319236755","0.692","0.748173502416455","0.80434700483291"
"decent-sweep-40","0.00010576230259027024","0.11864947673540134","12","0.0001567003878657097","2.338268756866455","0.9999998298728506","0.6856099046072661","0.7507237887564862","0.8158376729057062","0.8494108319282532","0.68","0.7434421090913224","0.8068842181826448"
"celestial-sweep-56","0.000005585679430235832","0.013609350029852084","12","0.00015884380283140076","2.5889711380004883","0.9999998627816096","0.6882484270347067","0.750574472407213","0.8129005177797192","0.951260507106781","0.682","0.7420714395369495","0.802142879073899"
"atomic-sweep-49","0.00000858858064831041","0.12455432236178954","12","0.00011337363066452395","2.9030849933624268","0.9999998309024716","0.6490765171503958","0.7238123606443356","0.7985482041382753","1.0657739639282229","0.656","0.7203160777248628","0.7846321554497256"