"Name","adamw_lr","batch_size","dropout_rate","muon_lr","weight_decay","batch_perplexity","raw_grad_norm","test_accuracy","test_combined_score","test_pearson","train_loss","val_accuracy","val_combined_score","val_pearson"
"ancient-sweep-314","0.0008060873128250838","32","0.15","0.0002482067049674197","0.000010850252074281647","1.2945959568023682","0.9999997240678582","0.8684798051552669","0.872792534467155","0.8771052637790432","0.25819864869117737","0.85","0.8590250013306595","0.8680500026613192"
"lunar-sweep-313","0.0008431484922530932","32","0.15","0.0004632282893963792","0.00024491502573158804","1.1945457458496094","0.999999729175716","0.8737568500101481","0.8775298992907219","0.8813029485712957","0.17776599526405334","0.848","0.8596929026019263","0.8713858052038527"
"magic-sweep-312","0.000841553269637378","64","0.1","0.000964813182583035","0.00008952485529963245","1.164197325706482","0.9999996181562498","0.8674649888370205","0.871993664654988","0.8765223404729553","0.15203189849853516","0.862","0.8660898569459302","0.8701797138918604"
"sage-sweep-311","0.00007432414118364706","32","0.1","0.0009833283599140514","0.000016022383001394827","1.1831656694412231","0.9999996114288716","0.869291658209864","0.8707730576291652","0.8722544570484664","0.16819366812705994","0.848","0.8554961595321494","0.8629923190642989"
"sweet-sweep-310","0.0009152678601071698","64","0.05","0.0005143713367149436","0.000011918796571981992","1.2850847244262695","0.9999995326825074","0.8672620255733712","0.8705762043590435","0.8738903831447157","0.25082463026046753","0.852","0.8559866562385443","0.8599733124770886"
"ethereal-sweep-309","0.000206367750900464","32","0.1","0.0006960715432717484","0.0000513896568167677","1.1694176197052002","0.9999995660959144","0.8644205398822813","0.8682632913118371","0.8721060427413929","0.15650580823421478","0.842","0.8581113361440189","0.8742226722880378"
"zany-sweep-308","0.0006970735414204227","32","0.2","0.0004687735000769049","0.0005538325177479697","1.2379931211471558","0.99999979814681","0.8755835193829917","0.8787191552202444","0.881854791057497","0.21349158883094788","0.864","0.8699479873888938","0.8758959747777875"
"fresh-sweep-307","0.0009671080988222436","32","0.1","0.000941162042485438","0.0001324785234655317","1.1271930932998655","0.9999996563545888","0.8682768418916176","0.8731230951342188","0.8779693483768201","0.11973058432340622","0.842","0.8556995399850994","0.8693990799701988"
"firm-sweep-306","0.00014433181461324197","32","0.1","0.0007582974094194715","0.0002974451959143004","1.2327097654342651","0.99999971174739","0.8648264664095798","0.866000127287931","0.867173788166282","0.20921486616134644","0.854","0.8594119606572683","0.8648239213145366"
"dainty-sweep-305","0.0001784515786694258","32","0.15","0.0004820558636825755","0.0006111144331834039","1.2228084802627563","0.9999997206260902","0.8745687030647453","0.878752462795238","0.8829362225257307","0.2011502981185913","0.864","0.8666106856357215","0.869221371271443"
"fluent-sweep-304","0.0002739879844434205","32","0.1","0.0002908364514736475","0.00007833736394875683","1.347354531288147","0.9999997072776609","0.8640146133549828","0.8702352835775884","0.8764559538001941","0.29814302921295166","0.848","0.8552950612600194","0.862590122520039"
"iconic-sweep-303","0.00008384564693068172","32","0.1","0.00036729117100941274","0.000028645350146722226","1.309178352355957","0.9999997015639536","0.8705094377917597","0.8726764686689032","0.8748434995460469","0.2693997621536255","0.86","0.8601252684554097","0.8602505369108195"
"rare-sweep-302","0.00006460785067332098","32","0.05","0.0005319661311431154","0.000013024939567188525","1.2003604173660278","0.999999752776592","0.8723361071646032","0.8774110998031366","0.88248609244167","0.18262183666229248","0.84","0.8553025149589515","0.8706050299179031"
"flowing-sweep-301","0.0005284441177559142","256","0.05","0.0007767313635057812","0.0006449910014541023","1.8554894924163816","0.9999990953092344","0.7450781408565049","0.7832858131525395","0.821493485448574","0.6181485652923584","0.73","0.7797842785399615","0.8295685570799229"
"pretty-sweep-300","0.0001143417478886434","32","0.05","0.0002823904823806583","0.00007477955092432731","1.4047619104385376","0.9999997763941166","0.8640146133549828","0.8682313423996478","0.8724480714443129","0.33986783027648926","0.852","0.8585860284604602","0.8651720569209204"
"stoic-sweep-299","0.000519151067336932","32","0.1","0.0002109996411265358","0.0001701188727574605","1.4065319299697876","0.999999787398228","0.865638319464177","0.8692597379626757","0.8728811564611745","0.3411270081996918","0.834","0.8481027066137721","0.8622054132275442"
"sunny-sweep-298","0.000231547260315053","32","0.1","0.0004956913301142466","0.000012545776427725828","1.172834396362305","0.999999778803799","0.8747716663283945","0.8776477689869444","0.8805238716454942","0.15942341089248657","0.85","0.8597110169448097","0.8694220338896195"
"glamorous-sweep-297","0.00042528011151805254","32","0.1","0.0007813948452303002","0.00018105690636243825","1.1795051097869873","0.999999721642392","0.8690886949462148","0.8701387875424094","0.8711888801386041","0.16509497165679932","0.872","0.8713781844962791","0.8707563689925581"
"solar-sweep-296","0.00022891455782099893","32","0.05","0.0004991704339079034","0.0000242134625502234","1.2290490865707395","0.9999996168064808","0.862796833773087","0.8616392955217984","0.8604817572705098","0.20624077320098877","0.846","0.8551221959753051","0.8642443919506103"
"deep-sweep-295","0.00018511450678779636","32","0.15","0.000874452488152413","0.00021108967404733173","1.3090890645980835","0.9999997686934256","0.8713212908463568","0.8733703698313064","0.8754194488162562","0.26933151483535767","0.854","0.8580123723728077","0.8620247447456155"
"winter-sweep-294","0.00006073358590366474","32","0.1","0.00047154556343649107","0.000013371468228451587","1.2503609657287598","0.9999998742767102","0.8759894459102903","0.8774169322977069","0.8788444186851235","0.22343236207962036","0.832","0.8482826071699274","0.8645652143398548"
"young-sweep-293","0.0009979380011133554","32","0.2","0.00048107785574519227","0.00004690616792275499","1.1721745729446411","0.9999996795145222","0.8686827684189162","0.874835229143648","0.8809876898683797","0.15886060893535614","0.856","0.8665397734229988","0.8770795468459976"
"misunderstood-sweep-292","0.00006800392926630593","32","0.1","0.0002836820271503099","0.000011482177956962662","1.4561034440994265","0.9999997538984262","0.8636086868276842","0.8671738352786588","0.8707389837296333","0.37576398253440857","0.852","0.8589616638027655","0.8659233276055309"
"vivid-sweep-291","0.0006997917603037388","32","0.2","0.00045546148792246534","0.00008975020477240669","1.1614255905151367","0.9999997471575138","0.8715242541100061","0.8758729624735382","0.8802216708370703","0.1496481895446777","0.864","0.8702004295613857","0.8764008591227712"
"lively-sweep-290","0.00016864609323548888","128","0.15","0.0009226343255140902","0.000031279658344819615","1.4811090230941772","0.9999995327474808","0.8585346052364522","0.859626901479082","0.8607191977217119","0.3927911520004273","0.856","0.8551310908563836","0.8542621817127674"
"lemon-sweep-289","0.00014565949658649878","256","0.05","0.00018276986837803544","0.00017343568436956478","2.709918737411499","0.9999996426122794","0.6200527704485488","0.6761216176028471","0.7321904647571452","0.9969186782836914","0.632","0.6604136325278702","0.6888272650557405"
"eager-sweep-288","0.00016760790893884212","32","0.15","0.0006847353890960425","0.00003141048025787531","1.1500506401062012","0.9999997103013069","0.872133143900954","0.8771933159228957","0.8822534879448375","0.13980591297149658","0.856","0.8629583902886495","0.8699167805772989"
"chocolate-sweep-287","0.0003839570670585251","32","0.15","0.00038726571540568275","0.0001526160226421074","1.2426950931549072","0.9999996789093316","0.8579257154455043","0.8605130505371801","0.8631003856288559","0.21728253364562988","0.84","0.8519300401706684","0.8638600803413368"
"amber-sweep-286","0.00008783641639687946","32","0.05","0.0004941025866888627","0.0007142534798465727","1.221733331680298","0.9999997371608482","0.8725390704282525","0.8772511866377197","0.881963302847187","0.20027056336402893","0.852","0.8568590604268685","0.8617181208537371"
"laced-sweep-285","0.00011040255673905048","128","0.1","0.0001757128016484729","0.00023499018745555637","2.2569847106933594","0.9999996908680862","0.6829713821798254","0.7254291777525913","0.7678869733253572","0.8140297532081604","0.688","0.7270983329310888","0.7661966658621777"
"sunny-sweep-284","0.0006988402447233398","32","0.2","0.00026120264729650235","0.000020299101324795464","1.2957617044448853","0.9999997410029946","0.8680738786279684","0.8715727241550262","0.8750715696820841","0.25909870862960815","0.844","0.8554001083758312","0.8668002167516625"
"fluent-sweep-283","0.0008825856552702006","32","0.05","0.0003729544361739382","0.0004211614354371352","1.2008306980133057","0.9999995905916926","0.8593464582910493","0.8628302167985131","0.866313975305977","0.18301355838775635","0.84","0.8531192842117118","0.8662385684234236"
"super-sweep-282","0.00005296523417035326","32","0.1","0.00038027943583261286","0.00007223939967552206","1.2746723890304563","0.9999997437350168","0.8741627765374467","0.8741764383052062","0.8741901000729657","0.2426891922950745","0.866","0.8639125071538152","0.8618250143076305"
"amber-sweep-281","0.0005901694452623945","32","0.1","0.00035025202017862","0.00014242271142037312","1.2233922481536863","0.999999689567776","0.874365739801096","0.8763366762474303","0.8783076126937646","0.20162755250930783","0.848","0.856418683374875","0.8648373667497501"
"easy-sweep-280","0.0001095310040504638","32","0.05","0.0005386221530529177","0.0003352089938860016","1.1449129581451416","0.9999994186510338","0.8709153643190582","0.8760369170892864","0.8811584698595146","0.13532865047454834","0.846","0.8567517826569877","0.8675035653139755"
"glamorous-sweep-279","0.0000601425069276409","32","0.1","0.0006269704630791043","0.0007266855839790155","1.1925312280654907","0.9999997637331588","0.8650294296732292","0.86430996939591","0.8635905091185907","0.1760781556367874","0.84","0.8526238150045987","0.8652476300091975"
"azure-sweep-278","0.0008369865299587919","32","0.2","0.0008940237510159216","0.0005938081368685413","1.1715726852416992","0.9999998039170676","0.8668560990460726","0.872133328468389","0.8774105578907053","0.15834711492061615","0.856","0.8662516410403698","0.8765032820807395"
"daily-sweep-277","0.0002538175117086309","32","0.15","0.0008481885188622698","0.000498870524310946","1.2627904415130615","0.9999996879139448","0.8632027603003857","0.868763074963188","0.8743233896259903","0.23332390189170835","0.848","0.85730148578501","0.86660297157002"
"devoted-sweep-276","0.0002228683936159687","32","0.1","0.0009812545594937625","0.000023312237378110403","1.158589482307434","0.9999997176372194","0.8652323929368785","0.8643509041093584","0.8634694152818383","0.14720332622528076","0.842","0.8536913999731979","0.8653827999463959"
"drawn-sweep-275","0.0006566087434439226","64","0.15","0.0005137071679159007","0.0000445854313862296","1.3693827390670776","0.9999996892177532","0.8625938705094378","0.8679200607702291","0.8732462510310205","0.3143600821495056","0.844","0.8492933109969518","0.8545866219939038"
"eternal-sweep-274","0.00030017775030522783","32","0.05","0.0004136563387145752","0.000011305588568593793","1.2160334587097168","0.9999996972226046","0.8749746295920439","0.8782905512025612","0.8816064728130784","0.19559434056282043","0.842","0.8546235762601784","0.8672471525203568"
"daily-sweep-273","0.0009474508746864044","512","0.05","0.00015426736082084193","0.0003434607063639229","2.4020285606384277","0.9999994339593316","0.5668763953724376","0.6530129264494662","0.7391494575264949","0.8763135671615601","0.564","0.6450406961544297","0.7260813923088596"
"iconic-sweep-272","0.0003420190160888413","256","0.1","0.0004366194874027108","0.000021331642715126847","2.121645212173462","0.9999992898324138","0.6348690886949462","0.7022296386618472","0.7695901886287481","0.7521917819976807","0.646","0.7093799917796715","0.7727599835593428"
"olive-sweep-271","0.0004023235655280899","256","0.1","0.0008408865659896363","0.00005513333400945736","1.884534239768982","0.9999991054663032","0.7548203775116704","0.7877114664580764","0.8206025554044825","0.6336806416511536","0.748","0.7874443857922072","0.8268887715844144"
"firm-sweep-270","0.00017912352298729225","32","0.15","0.0005167693197121941","0.00009467093974832892","1.2045819759368896","0.9999997274808972","0.8753805561193424","0.8786461390157927","0.8819117219122429","0.18613260984420776","0.848","0.8550492380055429","0.8620984760110858"
"apricot-sweep-269","0.00008341989220316224","64","0.15","0.0009782322074842356","0.000021771954796162756","1.1847937107086182","0.9999996651766896","0.8676679521006698","0.8706738940120395","0.8736798359234091","0.16956862807273865","0.846","0.8549473094959319","0.8638946189918638"
"fluent-sweep-268","0.0003254318858707939","32","0.1","0.0003997041976774675","0.000026789083570082455","1.1953532695770264","0.9999996725549944","0.8680738786279684","0.8721860244445543","0.8762981702611402","0.17844179272651672","0.856","0.8586794426957556","0.8613588853915112"
"revived-sweep-267","0.0003921547605484661","32","0.2","0.0002807769863097791","0.000017829048766036146","1.3004422187805176","0.9999997562417556","0.8688857316825654","0.872287250630819","0.8756887695790725","0.2627043128013611","0.84","0.8529813424296091","0.8659626848592181"
"devout-sweep-266","0.0007714275068940133","32","0.15","0.0004688570852447412","0.00019833631176254877","1.1855214834213257","0.9999995989082158","0.8719301806373047","0.8770778963331962","0.8822256120290878","0.1701827049255371","0.852","0.8620535789058345","0.8721071578116689"
"fluent-sweep-265","0.00008271116686391682","32","0.15","0.000719331924179205","0.0000631440070505009","1.1576168537139893","0.9999997868610352","0.8672620255733712","0.8678853326912774","0.8685086398091836","0.14636334776878357","0.86","0.8588449018279164","0.8576898036558328"
"brisk-sweep-264","0.0005582070855168669","64","0.05","0.0001547498531559085","0.0008504108399529047","1.6185941696166992","0.9999996137091276","0.827887152425411","0.8382507471809036","0.8486143419363963","0.4815579354763031","0.816","0.8353184183023321","0.8546368366046644"
"fast-sweep-263","0.0005991367296205778","32","0.15","0.000987073505256439","0.000515388134330135","1.232560634613037","0.9999999065072108","0.862796833773087","0.8671221777975051","0.8714475218219233","0.2090938687324524","0.854","0.8569912358782066","0.8599824717564131"
"astral-sweep-262","0.0000942325624556766","32","0.2","0.0007740694600218592","0.0004945884197179395","1.1802095174789429","0.999999608478999","0.8629997970367363","0.8665073632272748","0.8700149294178133","0.16569191217422485","0.856","0.8617352410506206","0.8674704821012412"
"neat-sweep-261","0.00013045367419762635","64","0.15","0.0003883473595021726","0.00007568856078297652","1.557502508163452","0.9999995525379248","0.8544753399634666","0.8569661592103122","0.8594569784571576","0.4430835247039795","0.862","0.8606714761444467","0.8593429522888935"
"legendary-sweep-260","0.00007686235222431164","128","0.2","0.00010865783043791768","0.000013142435576822216","2.482118606567383","0.999999604683633","0.6200527704485488","0.6821414119703143","0.7442300534920798","0.9091123938560486","0.622","0.6680966437578191","0.7141932875156383"
"scarlet-sweep-259","0.00005325705925661836","32","0.2","0.000744660696320004","0.000906356596134167","1.1452372074127195","0.9999996260564652","0.867059062309722","0.8672186068711274","0.8673781514325329","0.13561181724071503","0.858","0.863367932804804","0.8687358656096079"
"hopeful-sweep-258","0.0008230135779750717","64","0.1","0.0006119603479749095","0.0005191014344822697","1.2621108293533323","0.9999997207204818","0.8731479602192003","0.875216649603159","0.8772853389871178","0.23278555274009705","0.842","0.8506418584703367","0.8592837169406734"
"icy-sweep-257","0.0007664947775284382","64","0.15","0.00007887091491071862","0.00016435369537202329","1.6638904809951782","0.9999996866876508","0.7186929165820987","0.7778066790101972","0.8369204414382956","0.5091585516929626","0.708","0.7755718933687761","0.8431437867375522"
"good-sweep-256","0.0003412299085446201","32","0.05","0.0006210401803549221","0.000010266428796618072","1.200428485870361","0.9999997303155584","0.8666531357824234","0.8693928407123417","0.8721325456422598","0.18267855048179624","0.848","0.8603275791625743","0.8726551583251486"
"sparkling-sweep-255","0.00006692326036573914","32","0.1","0.0003951149129552352","0.000012394306056533726","1.253981351852417","0.999999564413948","0.8701035112644612","0.8712012424483951","0.8722989736323291","0.22632351517677307","0.86","0.8588670757639769","0.857734151527954"
"vivid-sweep-254","0.00007391605668034752","32","0.1","0.0005601181847262371","0.000035463351219450234","1.136960744857788","0.9999996636713114","0.8770042622285367","0.8803357685910662","0.8836672749535959","0.12835870683193207","0.852","0.8587507732384119","0.8655015464768236"
"sweet-sweep-253","0.0006647164526748199","32","0.05","0.0005348702575279804","0.0005387642752003064","1.2209186553955078","0.99999962114143","0.8707124010554089","0.875668858312344","0.880625315569279","0.19960354268550873","0.86","0.8624107563662387","0.8648215127324773"
"fast-sweep-252","0.00006377226645857241","32","0.05","0.0009761092254685944","0.000013618511707567651","1.143074631690979","0.9999997235203882","0.8613760909275421","0.8675496271762966","0.8737231634250511","0.13372167944908142","0.854","0.8622925537435318","0.8705851074870636"
"celestial-sweep-251","0.00014906842218234424","32","0.05","0.00038839209797984845","0.00031995440877402516","1.268894910812378","0.9999997249078972","0.8696975847371625","0.8733358942803608","0.8769742038235592","0.2381463646888733","0.844","0.8540006512331167","0.8640013024662335"
"happy-sweep-250","0.00020625187383480488","128","0.15","0.0009579047954370086","0.000105362432230258","1.465597152709961","0.999999648175492","0.860564237872945","0.8621988051996121","0.8638333725262793","0.3822627067565918","0.858","0.8551241968549121","0.8522483937098243"
"fallen-sweep-249","0.00018665395524781943","64","0.05","0.00015264328351866722","0.00035536669971802053","1.8200281858444216","0.9999994063492632","0.7509640755023341","0.7846228453889605","0.818281615275587","0.5988519787788391","0.75","0.7887870298681798","0.8275740597363598"
"smooth-sweep-248","0.00005740008741700898","32","0.2","0.00098592283300947","0.000025855307306021286","1.208451747894287","0.9999996622200292","0.8530545971179216","0.8572430840973781","0.8614315710768348","0.1893400251865387","0.86","0.8596950549229967","0.8593901098459935"
"cool-sweep-247","0.0001149658712695636","32","0.05","0.0006086400840674187","0.0007688976238541291","1.166725516319275","0.9999997159476044","0.8599553480819971","0.8615766709338363","0.8631979937856754","0.1542011201381683","0.838","0.8515574887324321","0.8651149774648642"
"spring-sweep-246","0.000060142502990274494","32","0.05","0.0006584004452153483","0.00004044693065137491","1.140532612800598","0.9999996135365504","0.8684798051552669","0.8671573184949617","0.8658348318346566","0.13149535655975342","0.848","0.858860375820157","0.8697207516403138"
"wobbly-sweep-245","0.00015966074792788382","32","0.1","0.0003614292759830586","0.0007351915467519672","1.2792489528656006","0.9999997056469356","0.8696975847371625","0.8718136612907667","0.8739297378443708","0.24627315998077393","0.854","0.8592369071269782","0.8644738142539564"
"comic-sweep-244","0.00006897039086245561","128","0.2","0.0009541087665415268","0.000022766617049240996","1.5062612295150757","0.999999476108248","0.8587375685001015","0.8598501064344424","0.8609626443687832","0.40963059663772583","0.858","0.8557518406959187","0.8535036813918374"
"toasty-sweep-243","0.00013762374645540914","64","0.2","0.0001437529549647011","0.0001101439215238224","1.925431489944458","0.9999994170823522","0.6985995534808199","0.7510421627921462","0.8034847721034724","0.6551501154899597","0.698","0.7555604891510685","0.813120978302137"
"radiant-sweep-242","0.0008825596824602809","32","0.05","0.0008669108808541037","0.0003238013770906662","1.170411467552185","0.9999996924118828","0.8530545971179216","0.860451356493658","0.8678481158693944","0.15735545754432678","0.85","0.8545008096365962","0.8590016192731926"
"floral-sweep-241","0.00007547772440890622","32","0.05","0.0006871785761652404","0.0005277852670852075","1.1282989978790283","0.999999603122517","0.872133143900954","0.8745903881422052","0.8770476323834564","0.12071116268634796","0.858","0.858154082386724","0.8583081647734478"
"rose-sweep-240","0.0001414367196426925","32","0.2","0.0008723033758164594","0.00013154831666678735","1.1848933696746826","0.9999996850188924","0.8563020093363102","0.8592619311269949","0.8622218529176797","0.16965274512767792","0.838","0.8518774268105576","0.8657548536211153"
"sweet-sweep-239","0.00006199348003391705","32","0.05","0.0009147440412737286","0.000028178087097491864","1.1494616270065308","0.99999986622296","0.8609701644002435","0.8614458060166423","0.8619214476330412","0.13929367065429688","0.858","0.861576218887911","0.8651524377758222"
"cool-sweep-238","0.00008837417403527319","32","0.1","0.0005959624991957608","0.000931321889142786","1.1527111530303955","0.9999996721529189","0.8733509234828496","0.8767184515197151","0.8800859795565805","0.14211663603782654","0.85","0.855812979123883","0.861625958247766"
"dutiful-sweep-237","0.0003605521000843287","32","0.05","0.0007950812535212946","0.00005613368938141173","1.1848711967468262","0.9999997863909876","0.8632027603003857","0.8654464471357288","0.867690133971072","0.16963401436805725","0.854","0.859452352036606","0.8649047040732118"
"soft-sweep-236","0.00015357133354255905","256","0.1","0.0008700346193702135","0.00016336244046243512","1.973907470703125","0.9999991465976834","0.7119951288816724","0.7595683203074477","0.807141511733223","0.6800150871276855","0.702","0.7572515997752525","0.812503199550505"
"atomic-sweep-235","0.0000912890628436148","32","0.1","0.0005908736033818801","0.00017758299527489258","1.15078866481781","0.9999997338117056","0.8625938705094378","0.8599243068508956","0.8572547431923534","0.1404474526643753","0.844","0.8544344568427759","0.8648689136855517"
"leafy-sweep-234","0.0003061989415050758","32","0.15","0.0004386712828116958","0.00015049043172353125","1.1903047561645508","0.9999997090049616","0.8585346052364522","0.8601996603065867","0.8618647153767213","0.1742093563079834","0.844","0.8530038490358187","0.8620076980716374"
"efficient-sweep-233","0.000868199165003957","32","0.15","0.0008853026355582545","0.0003507675399524567","1.2432830333709717","0.9999997556563508","0.8648264664095798","0.8689603344957044","0.8730942025818289","0.2177554965019226","0.866","0.8662126509201378","0.8664253018402757"
"effortless-sweep-232","0.00007564830375938327","256","0.15","0.000182435360806439","0.000017146290404065024","3.0579657554626465","0.9999996470860756","0.569311954536229","0.6350561345020895","0.70080031446795","1.1177499294281006","0.572","0.6097659802321221","0.6475319604642443"
"restful-sweep-231","0.00041571775183343055","128","0.1","0.00011767739819017832","0.000024660125162490775","2.0343828201293945","0.9999995897269474","0.5784453014004465","0.6753789137908528","0.7723125261812592","0.7101925611495972","0.586","0.6879137118267888","0.7898274236535777"
"visionary-sweep-230","0.00007972560357368582","32","0.2","0.0008574881871060052","0.000668102416669104","1.1642602682113647","0.9999997348771694","0.8739598132737975","0.8743606775337684","0.8747615417937394","0.15208588540554047","0.868","0.8676478018640867","0.8672956037281735"
"wobbly-sweep-229","0.00009325584747491884","32","0.15","0.0007758775545266739","0.0008950245078892747","1.1530165672302246","0.9999997636265668","0.8558960828090115","0.8622657287901183","0.8686353747712251","0.14238156378269196","0.842","0.8498638962249216","0.8577277924498432"
"soft-sweep-228","0.00007895508345483934","32","0.2","0.0005591045225129169","0.0008394267574169205","1.1901472806930542","0.9999998872455456","0.8735538867464989","0.8764526453602767","0.8793514039740544","0.17407697439193726","0.854","0.8600442582638037","0.8660885165276075"
"apricot-sweep-227","0.00005998325454145473","32","0.05","0.00097659109645211","0.000015144709473169696","1.250650405883789","0.9999998441566964","0.8571138623909073","0.8580910734948359","0.8590682845987646","0.22366374731063843","0.846","0.8574438463089592","0.8688876926179184"
"restful-sweep-226","0.0002334827034247366","64","0.1","0.00019388476149750857","0.00007308100830739426","1.7329187393188477","0.9999995102781556","0.8134767607063121","0.8241231957569837","0.8347696308076551","0.549807071685791","0.812","0.8290222201619724","0.8460444403239445"
"treasured-sweep-225","0.00019222157394667072","64","0.15","0.0008664278237063762","0.000013890599190935415","1.2019946575164795","0.999999591407568","0.8565049725999594","0.8585641030924529","0.8606232335849464","0.18398243188858032","0.826","0.8426364877870403","0.8592729755740806"
"super-sweep-224","0.00007843972677949692","32","0.15","0.00047619202264245314","0.00010922857066409864","1.2243711948394775","0.9999997463508254","0.8770042622285367","0.8766801542630582","0.8763560462975798","0.20242740213871","0.854","0.8566652126892587","0.8593304253785173"
"crimson-sweep-223","0.00008455866111503897","32","0.1","0.000652611669636924","0.0003144043639211909","1.2003540992736816","0.9999997109595116","0.8739598132737975","0.876713769789053","0.8794677263043086","0.18261660635471344","0.854","0.8590037593114956","0.8640075186229912"
"royal-sweep-222","0.0008830110314889592","128","0.2","0.0008031159099334867","0.0001152394135162394","1.3836246728897097","0.9999994111758164","0.86198498071849","0.8637072163162888","0.8654294519140876","0.32470664381980896","0.852","0.8533698890709156","0.8547397781418313"
"rosy-sweep-221","0.0001473176556654468","64","0.1","0.0009667545542998476","0.000016606498009257042","1.1484051942825315","0.9999994459418456","0.8727420336919017","0.8760575953514349","0.8793731570109681","0.1383742094039917","0.864","0.8653638161000001","0.8667276322000004"
"logical-sweep-220","0.00011792249665574096","32","0.05","0.0005480169593098812","0.000014408860515716007","1.1315362453460691","0.9999996039887652","0.8654353562005277","0.8628948930572531","0.8603544299139785","0.12357617914676666","0.842","0.8498081259608188","0.8576162519216377"
"bright-sweep-219","0.0000720299580233818","64","0.15","0.0001207520013007666","0.0003513048804070947","2.070603132247925","0.9999993173035951","0.6720113659427643","0.7250459018519756","0.7780804377611868","0.7278399467468262","0.676","0.7286954014201064","0.7813908028402127"
"icy-sweep-218","0.0005247499203843858","512","0.2","0.00007712526581543019","0.00008907371684038605","2.7654905319213867","0.9999996030789478","0.6320276030038563","0.6614531484179991","0.6908786938321418","1.017217993736267","0.638","0.6441413438599694","0.6502826877199387"
"vivid-sweep-217","0.00005145166214293703","128","0.1","0.0004194436642494726","0.00001990945215899356","2.0122504234313965","0.99999986676958","0.7329003450375482","0.7662654333839214","0.7996305217302946","0.6992536187171936","0.732","0.7675665958927056","0.8031331917854111"
"electric-sweep-216","0.00011067301859923418","32","0.2","0.0005512710431245772","0.0001609884162250598","1.2677446603775024","0.9999997996838152","0.8753805561193424","0.8782132147004198","0.8810458732814973","0.23723949491977692","0.846","0.8567409999018323","0.8674819998036646"
"chocolate-sweep-215","0.00011527854001669064","32","0.05","0.0007079172201157429","0.00004811741495180311","1.190776228904724","0.9999996793196289","0.8648264664095798","0.8669124344352444","0.8689984024609089","0.17460544407367706","0.856","0.8583245020995391","0.8606490041990782"
"astral-sweep-214","0.000143355153320488","32","0.05","0.0005132207840725819","0.00003208290004552052","1.1368818283081057","0.9999995722962436","0.8749746295920439","0.8781461732991416","0.8813177170062392","0.12828931212425232","0.846","0.8539915820857249","0.8619831641714497"
"devout-sweep-213","0.0009854539334360115","32","0.05","0.0002334842809106635","0.0006486540318400222","1.277156949043274","0.9999996648377684","0.8690886949462148","0.8738046684731411","0.8785206420000673","0.24463647603988647","0.836","0.8515088331843759","0.8670176663687518"
"playful-sweep-212","0.000062432766083629","256","0.1","0.000716576853478796","0.0004871913315206495","2.150217056274414","0.9999994900549684","0.708747716663284","0.744254369530942","0.7797610223986","0.7655688524246216","0.704","0.7434806905496024","0.7829613810992049"
"distinctive-sweep-211","0.00007829346773684172","32","0.05","0.00034977147462567554","0.00002334971845892423","1.3378150463104248","0.9999997011615476","0.8680738786279684","0.8704349203469959","0.8727959620660233","0.2910376787185669","0.842","0.8496498786434","0.8572997572868001"
"stellar-sweep-210","0.00006102470629878302","64","0.15","0.0009347660729368896","0.0005950884775565262","1.1745383739471436","0.9999995294297024","0.8703064745281104","0.8719444751978997","0.873582475867689","0.16087524592876434","0.848","0.8540232100908156","0.8600464201816314"
"bright-sweep-209","0.000102583025805241","32","0.1","0.0006176912826707078","0.00011300790786379564","1.1809638738632202","0.9999997313233004","0.8686827684189162","0.8672974945039655","0.8659122205890148","0.16633093357086182","0.848","0.8532529458645572","0.8585058917291145"
"crisp-sweep-208","0.00005556918101249263","64","0.15","0.0005040437772464471","0.000022714711024251456","1.5018346309661863","0.999999559896011","0.8613760909275421","0.8616255991405948","0.8618751073536476","0.40668749809265137","0.852","0.8548178224492349","0.8576356448984698"
"gallant-sweep-207","0.00006920111771097223","64","0.15","0.0009178906962040536","0.0001719203242504244","1.1741713285446167","0.9999994074712648","0.8694946214735133","0.8712473978731425","0.8730001742727718","0.16056258976459503","0.842","0.8515747060232948","0.8611494120465895"
"restful-sweep-206","0.00019751086728233812","32","0.1","0.0004927535294241862","0.000029682931791223107","1.2023433446884155","0.9999998492951674","0.867059062309722","0.8709743983007908","0.8748897342918597","0.1842724233865738","0.852","0.8570986214922593","0.8621972429845187"
"copper-sweep-205","0.00007551541628347133","32","0.05","0.00093335933719748","0.00003658786607344111","1.1880446672439575","0.9999997397309368","0.8680738786279684","0.866070916030915","0.8640679534338616","0.17230883240699768","0.862","0.8617483311064978","0.8614966622129957"
"major-sweep-204","0.000260673422365209","128","0.1","0.000831600821107767","0.000013239917650571006","1.484214425086975","0.9999994969904928","0.8542723766998174","0.8582922872448151","0.8623121977898127","0.3948856592178345","0.856","0.8545307002546101","0.8530614005092202"
"fresh-sweep-203","0.00008280213435528757","32","0.1","0.00032257911167112176","0.00003525025764455014","1.3520257472991943","0.9999997193766328","0.8680738786279684","0.8702981964889545","0.8725225143499404","0.3016039729118347","0.852","0.8567743609081663","0.8615487218163326"
"honest-sweep-202","0.0001054353580796111","32","0.05","0.0006850556688531998","0.00001792087053543421","1.188141942024231","0.9999997562806342","0.8615790541911914","0.8633798336208092","0.865180613050427","0.17239071428775787","0.838","0.847495071082847","0.856990142165694"
"cool-sweep-201","0.00010313946946771224","64","0.15","0.0006430238326368835","0.0003321241812801303","1.3657653331756592","0.9999995045451624","0.8654353562005277","0.8668824069452581","0.8683294576899886","0.31171491742134094","0.846","0.8530704859867222","0.8601409719734445"
"scarlet-sweep-200","0.00010702646052479412","32","0.15","0.0004516495663881184","0.0003322177753638475","1.2327334880828855","0.9999997751954344","0.8550842297544144","0.855837349842941","0.8565904699314677","0.2092340886592865","0.842","0.8494161353582818","0.8568322707165635"
"misty-sweep-199","0.00020494787264854015","32","0.2","0.0007148301884415854","0.0005624514444502412","1.2481201887130735","0.9999998343922026","0.8632027603003857","0.8665549563846121","0.8699071524688385","0.22163859009742737","0.848","0.8563945708545044","0.8647891417090089"
"astral-sweep-198","0.00013367756299847205","64","0.05","0.0008503064718040493","0.00001038120107545462","1.1748499870300293","0.9999995461180478","0.8577227521818551","0.8663906534705577","0.8750585547592602","0.1611405313014984","0.846","0.8524312352662897","0.8588624705325796"
"sweet-sweep-197","0.00006677626767325819","32","0.05","0.0004024119611388264","0.000012104450808720408","1.2570329904556274","0.9999995808891196","0.8735538867464989","0.8743030511074257","0.8750522154683524","0.2287541925907135","0.862","0.8627830545110817","0.8635661090221634"
"swift-sweep-196","0.00020740687637991751","32","0.05","0.0008156431322629248","0.000012425217635456962","1.2854787111282349","0.999999731328935","0.8727420336919017","0.8756960247130734","0.878650015734245","0.25113117694854736","0.86","0.8650613635829004","0.8701227271658009"
"eternal-sweep-195","0.000053457676487918546","32","0.05","0.00028870753940882514","0.00038284686660041914","1.4371283054351809","0.9999997674351012","0.8642175766186321","0.8666665353415641","0.8691154940644961","0.3626469075679779","0.854","0.8583546774821198","0.8627093549642396"
"celestial-sweep-194","0.00018270791764740015","64","0.2","0.0009293024054799","0.00010464611549856186","1.2379103899002075","0.9999996763796672","0.8629997970367363","0.8671639107373836","0.871328024438031","0.21342477202415464","0.842","0.8538124784089212","0.8656249568178424"
"lively-sweep-193","0.0000986118725385387","32","0.05","0.0009638643582200308","0.000019040130286554746","1.1545218229293823","0.9999996469150264","0.8597523848183479","0.8600865762525296","0.8604207676867112","0.1436861753463745","0.848","0.8550073505399054","0.8620147010798109"
"sleek-sweep-192","0.00006003481314887215","32","0.1","0.0008815364614906123","0.000032218443083487356","1.2044109106063845","0.999999786718486","0.8666531357824234","0.86754539506252","0.8684376543426165","0.18599051237106323","0.848","0.8585585130420483","0.8691170260840968"
"serene-sweep-191","0.0000623940512756485","32","0.1","0.0002262929797091028","0.000027183907072856812","1.544111251831055","0.9999997140769068","0.8593464582910493","0.8627958366807077","0.8662452150703661","0.4344485402107239","0.862","0.8626565593961661","0.8633131187923323"
"ethereal-sweep-190","0.00006658261090015222","64","0.1","0.0005335685751468629","0.000011671965179424132","1.4745361804962158","0.9999994940394124","0.8638116500913334","0.86447693726677","0.8651422244422067","0.3883434534072876","0.856","0.8580020284206389","0.8600040568412777"
"valiant-sweep-189","0.00007343002404849431","32","0.05","0.0005740477192279893","0.00002191105829532465","1.1031835079193115","0.9999993591672048","0.8632027603003857","0.861316986645942","0.8594312129914985","0.09820012748241425","0.84","0.852846481588128","0.865692963176256"
"ruby-sweep-188","0.00005487206089143818","32","0.05","0.0003616611598552126","0.00016056382887520384","1.2910196781158447","0.9999997023668864","0.8719301806373047","0.8726855298438663","0.8734408790504279","0.2554323077201843","0.862","0.8611554709186777","0.8603109418373556"
"woven-sweep-187","0.00008785569103410036","32","0.1","0.000953678117031748","0.00004313538612623972","1.1062583923339844","0.9999995225859072","0.8591434950274001","0.8620393383779457","0.8649351817284913","0.10098350793123244","0.852","0.8563624251544109","0.8607248503088216"
"peach-sweep-186","0.00009402954101421311","32","0.15","0.0008448438297431292","0.00009888865841785646","1.1896990537643433","0.9999996132754188","0.8640146133549828","0.8675656236955919","0.871116634036201","0.17370042204856873","0.856","0.8617532137985486","0.8675064275970973"
"revived-sweep-185","0.00012448543547484043","32","0.15","0.0007861345530912046","0.000020455054751756687","1.2304787635803225","0.9999997336175502","0.8640146133549828","0.8679953888374584","0.8719761643199341","0.2074033319950104","0.85","0.8611266808250067","0.8722533616500132"
"unique-sweep-184","0.0000972226365886764","64","0.2","0.0009131357517110156","0.00005580552410995172","1.2363706827163696","0.999999708946852","0.8680738786279684","0.870726573883498","0.8733792691390276","0.2121802419424057","0.84","0.8507385571485564","0.8614771142971127"
"splendid-sweep-183","0.00008526787586008511","32","0.05","0.0007416996462425201","0.00002011252515008804","1.2078911066055298","0.9999995160687292","0.8652323929368785","0.8650690386760911","0.8649056844153038","0.1888759881258011","0.848","0.8528822287030199","0.8577644574060398"
"clear-sweep-182","0.0001009488064178965","32","0.1","0.0003573766559209235","0.000024146094765373512","1.293919563293457","0.9999997097785324","0.8705094377917597","0.8727549485188975","0.8750004592460351","0.25767600536346436","0.856","0.8582633173588836","0.8605266347177672"
"peachy-sweep-181","0.0001854418977984109","32","0.05","0.0009184219262762568","0.00006435380651320622","1.122700810432434","0.9999996364287485","0.8546783032271159","0.8590154329507339","0.8633525626743519","0.1157371997833252","0.856","0.8550076846850843","0.8540153693701686"
"glorious-sweep-180","0.00007494539524093412","32","0.15","0.0002819375662270736","0.0006013804506593063","1.4518587589263916","0.9999997497914308","0.8611731276638929","0.865632237486663","0.8700913473094329","0.3728445768356323","0.852","0.8582338340788653","0.8644676681577307"
"youthful-sweep-179","0.00006052985257704826","32","0.1","0.000534977704524148","0.00016381158230195948","1.182055950164795","0.9999997211959468","0.8609701644002435","0.861304317358162","0.8616384703160805","0.16725528240203855","0.836","0.8486209103583744","0.8612418207167488"
"smooth-sweep-178","0.00022711408215431096","32","0.2","0.0009402200589793956","0.00004247760430809294","1.1578493118286133","0.9999997577324892","0.8609701644002435","0.8637289887280177","0.8664878130557918","0.14656420052051544","0.866","0.8651858324440929","0.8643716648881856"
"sandy-sweep-177","0.00005053171270511075","256","0.2","0.00007060329658997323","0.00004017117577696003","3.671919345855713","0.9999997692204032","0.31702861782017455","0.3944412640295328","0.47185391023889106","1.3007144927978516","0.308","0.3643096064865283","0.4206192129730567"
"fluent-sweep-176","0.00008579466925790033","32","0.1","0.0007043325075656044","0.00002289958215678661","1.1462466716766355","0.9999996357833996","0.8751775928556931","0.8763782787277896","0.877578964599886","0.1364927887916565","0.856","0.8598366568858049","0.8636733137716097"
"sunny-sweep-175","0.000060479596582224114","32","0.1","0.0006450047022833777","0.0001443021950808644","1.1467278003692627","0.9999997802921144","0.8646235031459306","0.86426022249821","0.8638969418504894","0.1369124948978424","0.848","0.855151842436739","0.862303684873478"
"fancy-sweep-174","0.00007415788975882317","32","0.1","0.0007325680320847129","0.000017458918678357848","1.1169356107711792","0.9999994962268924","0.8672620255733712","0.8717312031431845","0.876200380712998","0.1105889081954956","0.86","0.8661760098847014","0.8723520197694029"
"deft-sweep-173","0.00005435124526578951","32","0.05","0.0004244918916244837","0.000025689461266841144","1.242786169052124","0.9999995187273908","0.8759894459102903","0.8763058890379293","0.8766223321655683","0.21735581755638125","0.852","0.8564888035822746","0.8609776071645494"
"devout-sweep-172","0.00008667360631205052","32","0.1","0.00048431927006406457","0.000028496412020955375","1.2162954807281494","0.9999996963383028","0.8603612746092957","0.8590629547347861","0.8577646348602767","0.19580978155136108","0.83","0.8470456555110613","0.8640913110221227"
"deep-sweep-171","0.000122705546719375","32","0.15","0.0004023034432926445","0.00007645752978642029","1.2576717138290403","0.9999996478610408","0.8739598132737975","0.8755469361281005","0.8771340589824035","0.22926217317581177","0.86","0.8617785833129337","0.8635571666258672"
"snowy-sweep-170","0.0001025125250466773","32","0.15","0.000638436331661057","0.0002109316705979177","1.1945101022720337","0.9999997836722276","0.8690886949462148","0.8746805537026463","0.8802724124590777","0.17773616313934326","0.848","0.856583276101918","0.865166552203836"
"dark-sweep-169","0.00006288110450657358","32","0.1","0.0006986680557796352","0.00001879485508782012","1.196258783340454","0.9999998105441388","0.8623909072457885","0.8620903084475313","0.861789709649274","0.17919902503490448","0.84","0.8514152603898485","0.862830520779697"
"fancy-sweep-168","0.00013104609867658343","32","0.1","0.000370790817870073","0.000057856916619753254","1.2862855195999146","0.9999997594543316","0.8723361071646032","0.8741217118915526","0.8759073166185021","0.2517586946487427","0.852","0.8576960195271652","0.8633920390543305"
"deft-sweep-167","0.00010224220998285856","32","0.1","0.0008142348771384626","0.00021264196421155732","1.1694598197937012","0.9999997479846175","0.8621879439821393","0.8649541299693349","0.8677203159565304","0.15654197335243225","0.854","0.861825947026707","0.869651894053414"
"deft-sweep-166","0.00017057057669195102","32","0.15","0.0007419083906364688","0.0006023282593093633","1.1546858549118042","0.9999997228836188","0.8674649888370205","0.8683442895436568","0.8692235902502932","0.14382830262184143","0.858","0.8592603643403389","0.8605207286806777"
"zany-sweep-165","0.0000692184676740683","32","0.05","0.0009204812858771768","0.0005745560377920447","1.170331597328186","0.9999996788948388","0.8662472092551248","0.8657120964994159","0.8651769837437071","0.15728715062141418","0.844","0.8528402899596547","0.8616805799193094"
"glamorous-sweep-164","0.00005449524218830117","32","0.05","0.0006960233499394062","0.00003322830716194237","1.1598764657974243","0.9999997054089202","0.8634057235640349","0.8657479957074403","0.8680902678508459","0.14831344783306122","0.854","0.8563297764589175","0.8586595529178349"
"solar-sweep-163","0.0001077662053646467","64","0.1","0.000268883440605133","0.000026111768155384656","1.7187141180038452","0.9999995921552752","0.8422975441445099","0.8405054620115655","0.8387133798786213","0.5415763854980469","0.824","0.8347068315004502","0.8454136630009006"
"misunderstood-sweep-162","0.00012518736199091884","32","0.15","0.0005181445232244275","0.00022432387431491716","1.1778390407562256","0.9999997001662346","0.8753805561193424","0.8777333094203973","0.8800860627214522","0.1636815071105957","0.858","0.8589318171676771","0.8598636343353542"
"sweepy-sweep-161","0.00007686346855499732","32","0.05","0.0007362669800161006","0.000014300314636584882","1.1106351613998413","0.9999996350411356","0.8623909072457885","0.8639976347893537","0.8656043623329189","0.10493210703134535","0.854","0.8526450782215695","0.851290156443139"
"sage-sweep-160","0.0003080675582037362","64","0.2","0.00009695323164533812","0.0008622232532667099","1.86749005317688","0.999999658812945","0.694946214735133","0.7500691614187209","0.805192108102309","0.6245953440666199","0.69","0.7531473587528352","0.8162947175056706"
"visionary-sweep-159","0.00009324981154259006","128","0.15","0.0009663217766729452","0.000029891694065259383","1.487573504447937","0.9999995252664884","0.8611731276638929","0.8604814227755708","0.8597897178872488","0.39714622497558594","0.858","0.8546474205356429","0.8512948410712857"
"exalted-sweep-158","0.00008169721468711243","32","0.1","0.0009109823774542884","0.00001361070519302243","1.1294939517974854","0.9999997130791122","0.86198498071849","0.8666553509957845","0.8713257212730791","0.12176977843046188","0.846","0.8513304055072214","0.8566608110144428"
"devout-sweep-157","0.00007895032494540075","32","0.1","0.0003121023427793903","0.00001586781656248985","1.3660613298416138","0.9999998550999468","0.8662472092551248","0.8690752503938796","0.8719032915326344","0.31193166971206665","0.85","0.8565989705446959","0.8631979410893919"
"lively-sweep-156","0.0001650879356698638","32","0.05","0.0003955956762263761","0.00005146385662846319","1.219745635986328","0.9999998621645206","0.8737568500101481","0.8751090508366901","0.876461251663232","0.1986422538757324","0.85","0.853649219831975","0.8572984396639498"
"misty-sweep-155","0.00009191904616867512","32","0.2","0.0008887045369127164","0.00005984669678750565","1.2086241245269775","0.999999670861188","0.8550842297544144","0.8578758530497538","0.8606674763450931","0.18948259949684143","0.83","0.8434354623600893","0.8568709247201787"
"fragrant-sweep-154","0.0001295309101133978","32","0.05","0.00031269085433698334","0.00010116807684762357","1.3326270580291748","0.9999997151635852","0.8638116500913334","0.8682307704827334","0.8726498908741336","0.2871522307395935","0.846","0.8528741507128649","0.8597483014257298"
"ethereal-sweep-153","0.000059459895547274305","32","0.05","0.0008725055692592344","0.00006845307274756733","1.1692465543746948","0.9999995922570049","0.8696975847371625","0.8718550234300305","0.8740124621228985","0.15635955333709717","0.854","0.864528069445234","0.8750561388904681"
"ruby-sweep-152","0.00010490443443077934","64","0.2","0.0008560683633597947","0.00003223374814046553","1.2303560972213743","0.999999811805387","0.8589405317637507","0.8580901698332647","0.8572398079027786","0.20730361342430115","0.836","0.8479208177404609","0.8598416354809219"
"twilight-sweep-151","0.00012961830044689094","32","0.05","0.0005599049207404697","0.00001311802331091131","1.1496671438217163","0.9999997906437252","0.8725390704282525","0.8768609548405728","0.8811828392528931","0.13947242498397827","0.852","0.8584827271895656","0.8649654543791312"
"serene-sweep-150","0.00006801271857250983","64","0.15","0.000932802084742828","0.000011763048317181098","1.190028429031372","0.9999996517026228","0.8727420336919017","0.8744897544697174","0.8762374752475333","0.17397722601890564","0.842","0.852139759470673","0.862279518941346"
"restful-sweep-149","0.0001511212371732178","64","0.1","0.0005537119835156222","0.00011391155669329669","1.4282057285308838","0.9999995860364088","0.8646235031459306","0.8674000109938871","0.8701765188418434","0.3564189076423645","0.834","0.8493371070564983","0.8646742141129967"
"bumbling-sweep-148","0.00008727250164888305","64","0.1","0.00046957735788891663","0.0002113790927193965","1.5153803825378418","0.99999946936686","0.8599553480819971","0.8614451378983133","0.8629349277146295","0.41566646099090576","0.854","0.8568838145684743","0.8597676291369487"
"gentle-sweep-147","0.00008996672768304255","32","0.1","0.000365268512705432","0.000018330653305713735","1.2762293815612793","0.999999649330833","0.8707124010554089","0.8729497337812472","0.8751870665070854","0.24390995502471924","0.868","0.865478668157762","0.8629573363155241"
"eager-sweep-146","0.00014248735606823317","128","0.15","0.0008721409758794081","0.00002080287511757942","1.5101799964904783","0.999999582505897","0.8567079358636087","0.858885766656908","0.8610635974502072","0.4122288525104522","0.86","0.8576995533529256","0.8553991067058512"
"neat-sweep-145","0.0007930166267799038","64","0.15","0.00018460871347086215","0.00015233715628791794","1.5236254930496216","0.999999583305816","0.8475745889993911","0.8510818168907321","0.8545890447820732","0.4210926592350006","0.838","0.8468384496149552","0.8556768992299105"
"ethereal-sweep-144","0.00008773533969186731","64","0.15","0.0008150814314400142","0.00014171501192133986","1.222056269645691","0.9999996465938562","0.8666531357824234","0.8683530606773355","0.8700529855722475","0.2005348801612854","0.85","0.8540937299653402","0.8581874599306805"
"northern-sweep-143","0.00008357726500670312","64","0.15","0.0005410459311801999","0.00013557830693558065","1.4523345232009888","0.999999485904854","0.8617820174548406","0.8627041597998959","0.8636263021449513","0.37317225337028503","0.848","0.8541584630950675","0.860316926190135"
"mild-sweep-142","0.00010937474905672234","64","0.15","0.0006555797228884692","0.00008561151569972048","1.344135046005249","0.9999995569689192","0.8664501725187741","0.8679165997155035","0.8693830269122329","0.2957507371902466","0.842","0.8497322453761871","0.8574644907523743"
"quiet-sweep-141","0.00006747305321147915","32","0.1","0.0007744150659629615","0.00004496973910260846","1.1970235109329224","0.9999996591281516","0.8644205398822813","0.8646479778712858","0.8648754158602903","0.1798381209373474","0.848","0.8533231858282846","0.8586463716565693"
"amber-sweep-140","0.0000945579215228104","32","0.1","0.0006005676134683747","0.00005375116805946166","1.143073320388794","0.9999996054638304","0.8723361071646032","0.8757719844414453","0.8792078617182875","0.13372057676315308","0.846","0.8577954575704436","0.8695909151408874"
"upbeat-sweep-139","0.00005871127434826289","32","0.1","0.0005613109216511038","0.00022692622187213507","1.16892671585083","0.9999998841794704","0.8737568500101481","0.8760734603003991","0.8783900705906501","0.15608598291873932","0.856","0.8610845964687176","0.8661691929374352"
"dazzling-sweep-138","0.00022763880791285175","32","0.05","0.0005496042125479158","0.000013062102303636672","1.1851210594177246","0.9999997077892578","0.8640146133549828","0.86497950568121","0.8659443980074373","0.16984492540359497","0.85","0.8589126002375005","0.8678252004750011"
"usual-sweep-137","0.0004808119387344006","64","0.15","0.0007341673215178358","0.000010249320807893586","1.2048988342285156","0.9999996325816416","0.867059062309722","0.8714753455401054","0.875891628770489","0.1863955706357956","0.85","0.8539067478010609","0.857813495602122"
"volcanic-sweep-136","0.00016436154662711027","64","0.2","0.000953006784793954","0.00029094364448588095","1.2210074663162231","0.9999997396777452","0.8565049725999594","0.8559696447945416","0.8554343169891239","0.19967634975910187","0.83","0.8471735291955349","0.8643470583910698"
"stellar-sweep-135","0.0000666344353332652","64","0.1","0.000655746446612264","0.000016524282300248512","1.391710877418518","0.999999584116884","0.8644205398822813","0.8655550887366557","0.86668963759103","0.33053386211395264","0.84","0.8501088253923366","0.8602176507846733"
"sweepy-sweep-134","0.00016721579516221474","32","0.1","0.0005274269059438872","0.00006455615228975636","1.2067649364471436","0.9999996833775514","0.8668560990460726","0.8647983695365113","0.8627406400269501","0.18794314563274384","0.844","0.8548798645705604","0.865759729141121"
"northern-sweep-133","0.00008064594929502959","32","0.15","0.0005214958190028903","0.00007987688514517248","1.2099261283874512","0.999999838192747","0.8711183275827076","0.8755093636563396","0.8799003997299716","0.19055934250354767","0.85","0.8566168653149848","0.8632337306299698"
"likely-sweep-132","0.00012411241811050277","32","0.1","0.00040001591904833135","0.00024024975473323215","1.2344343662261963","0.999999817163772","0.8694946214735133","0.8717753541455919","0.8740560868176707","0.21061286330223083","0.85","0.8565502549045421","0.863100509809084"
"super-sweep-131","0.00023929544505183427","32","0.1","0.0009060842679558218","0.00002646187576433022","1.223205327987671","0.9999999254619848","0.8581286787091537","0.8613859890064182","0.8646432993036826","0.20147471129894257","0.848","0.8543218549447529","0.8606437098895059"
"lucky-sweep-130","0.00007756131158603989","32","0.1","0.0004526016193349915","0.00011864088034557068","1.1999725103378296","0.9999996680772042","0.8739598132737975","0.8743298024291183","0.8746997915844391","0.18229863047599792","0.84","0.8512260895752969","0.8624521791505938"
"fine-sweep-129","0.0005396034802074162","64","0.1","0.00005527379501770843","0.000019533208084705195","1.7997820377349854","0.999999518360606","0.6817536025979297","0.7466606666892667","0.8115677307806036","0.5876655578613281","0.68","0.7509605038172771","0.8219210076345542"
"peachy-sweep-128","0.000050929386588598705","32","0.1","0.0005508237732248577","0.000014778476071755356","1.165687084197998","0.9999997332788316","0.8609701644002435","0.8601769004018687","0.8593836364034938","0.15331070125102997","0.842","0.8538226774564959","0.8656453549129918"
"absurd-sweep-127","0.000055670222980246464","64","0.1","0.00092397506073492","0.000010629751636899562","1.1943471431732178","0.999999736719092","0.8660442459914756","0.8694717821621928","0.87289931833291","0.1775997132062912","0.836","0.8472531324445964","0.858506264889193"
"eager-sweep-126","0.00012953974670003809","32","0.1","0.00041315997378498913","0.00004737737120222809","1.256200909614563","0.9999996390213848","0.8747716663283945","0.8755727517795946","0.8763738372307947","0.2280919849872589","0.85","0.8588732344409742","0.8677464688819483"
"divine-sweep-125","0.000060653677396418774","32","0.05","0.0005957276062447691","0.000038574631646219135","1.1362340450286863","0.9999995766157116","0.86198498071849","0.8612417962207728","0.8604986117230558","0.12771934270858765","0.844","0.8545273352323403","0.8650546704646805"
"fanciful-sweep-124","0.00006877722912504951","32","0.1","0.0005138546719050769","0.00004827032276292586","1.1961684226989746","0.9999997021966608","0.8759894459102903","0.8788737547278056","0.8817580635453208","0.17912346124649048","0.846","0.8586246336655384","0.8712492673310769"
"misty-sweep-123","0.0001098041102709874","32","0.15","0.0004896653650879834","0.00024224661478023748","1.213828206062317","0.9999996381926172","0.872133143900954","0.8761943324899324","0.8802555210789108","0.1937790960073471","0.848","0.8546763941499171","0.8613527882998342"
"charmed-sweep-122","0.00012592446215864403","32","0.1","0.00047103928738396713","0.00007128066326219486","1.1543360948562622","0.9999997151859128","0.8751775928556931","0.8781489608006723","0.8811203287456516","0.14352527260780334","0.852","0.8597098038405775","0.8674196076811551"
"feasible-sweep-121","0.00009840986925438094","32","0.1","0.0003927917710744772","0.00008067121181351623","1.2633951902389526","0.9999996887073078","0.869291658209864","0.8713864279500401","0.8734811976902163","0.23380263149738312","0.852","0.8555712762463341","0.8591425524926684"
"jumping-sweep-120","0.00007229877077655364","32","0.1","0.0003526449721278902","0.0000847445717456871","1.32380211353302","0.9999997798373748","0.8717272173736553","0.8718706425194482","0.8720140676652413","0.2805079519748688","0.848","0.8532344396381206","0.8584688792762413"
"eager-sweep-119","0.00016091282430916203","32","0.15","0.0006889855287275585","0.00006842535795231022","1.138338923454285","0.9999996319612864","0.865638319464177","0.8669779143044545","0.868317509144732","0.12957006692886353","0.848","0.8563766046383856","0.8647532092767711"
"electric-sweep-118","0.0000731580278704604","32","0.1","0.0004026678699808749","0.00005620035536453225","1.2503626346588137","0.999999667868106","0.8735538867464989","0.8739554514399135","0.8743570161333281","0.22343361377716064","0.858","0.8599541739585126","0.8619083479170253"
"woven-sweep-117","0.00014459625391504866","64","0.1","0.00041559226680062695","0.000015185953718353775","1.5223252773284912","0.9999995949541444","0.8569108991272579","0.859913278948956","0.862915658770654","0.4202389419078827","0.86","0.8594953311168139","0.8589906622336276"
"generous-sweep-116","0.00013097579139748322","32","0.15","0.0004676683254426741","0.00010485326827669106","1.187746286392212","0.9999997451603904","0.8719301806373047","0.876219598034361","0.8805090154314174","0.1720575988292694","0.846","0.854000540025794","0.8620010800515879"
"neat-sweep-115","0.00015207546693838238","64","0.1","0.0005698519362649904","0.00004226516761738256","1.4047592878341677","0.9999995701525884","0.8654353562005277","0.8676640331530308","0.8698927101055338","0.33986592292785645","0.836","0.8491751114903019","0.8623502229806038"
"copper-sweep-114","0.0000653195979472823","32","0.1","0.00043200421515778584","0.00004117781995674389","1.278423547744751","0.9999996487513312","0.8737568500101481","0.8743101040624232","0.8748633581146982","0.2456277310848236","0.852","0.8573016471074287","0.8626032942148575"
"misunderstood-sweep-113","0.0001938809552492304","32","0.1","0.00038553186355652934","0.000039076951915286874","1.2434161901474","0.9999997283385216","0.8694946214735133","0.8733993621815159","0.8773041028895185","0.217862606048584","0.85","0.8566131474968126","0.8632262949936252"
"fanciful-sweep-112","0.00019892018899359736","64","0.1","0.0006581218940614517","0.00006366568163272045","1.3228187561035156","0.999999706193144","0.8666531357824234","0.8699691514442742","0.8732851671061251","0.27976489067077637","0.854","0.8577597709131717","0.8615195418263435"
"fanciful-sweep-111","0.00007616904075294572","64","0.15","0.0009584394265509844","0.00003704518267608598","1.1625279188156128","0.999999629903602","0.8690886949462148","0.8726944381981475","0.8763001814500803","0.15059690177440643","0.844","0.8540272257133441","0.8640544514266882"
"faithful-sweep-110","0.00009882277932734584","32","0.1","0.0008651209289820243","0.00006875069273644788","1.1993848085403442","0.9999997008209116","0.8688857316825654","0.8710216677434736","0.8731576038043817","0.181808739900589","0.864","0.8667309461476582","0.8694618922953166"
"laced-sweep-109","0.0008562426978561324","64","0.2","0.0007126239145633477","0.000019056378285183097","1.2169147729873655","0.9999997353777904","0.8719301806373047","0.8742964763467165","0.8766627720561282","0.19631873071193695","0.854","0.8580260337473015","0.862052067494603"
"summer-sweep-108","0.00010451969029911944","32","0.1","0.0005681726290639826","0.00011001350995048506","1.268412947654724","0.9999997804157728","0.874365739801096","0.8800140302670735","0.885662320733051","0.23776641488075256","0.85","0.861133967389808","0.872267934779616"
"pleasant-sweep-107","0.00007199128660923287","32","0.05","0.00029898960755739653","0.000010772089726936257","1.38778555393219","0.9999997918638922","0.8652323929368785","0.8682856672827066","0.8713389416285349","0.3277093470096588","0.846","0.854572290144451","0.863144580288902"
"woven-sweep-106","0.0005093101725054937","512","0.15","0.0006239060330281391","0.00019632534047278944","2.3995327949523926","0.999999395710612","0.6667343210878831","0.7137985645841416","0.7608628080804","0.8752740025520325","0.67","0.7141792629728932","0.7583585259457865"
"vital-sweep-105","0.0003128340777539924","128","0.15","0.0005632357341154643","0.000012854175607206749","1.6359195709228516","0.9999995731679128","0.8429064339354577","0.8446427748968188","0.84637911585818","0.4922051429748535","0.85","0.8494421196019072","0.8488842392038144"
"fragrant-sweep-104","0.00006785909351295948","32","0.1","0.0002723921118529649","0.0005640015923719815","1.480604648590088","0.9999997422976604","0.8625938705094378","0.8662253576873185","0.8698568448651992","0.39245057106018066","0.854","0.8599259547884747","0.8658519095769494"
"usual-sweep-103","0.0001158132064072888","32","0.1","0.0003319995112376377","0.00004333487733552742","1.31551992893219","0.999999759863478","0.8696975847371625","0.8728598148085461","0.8760220448799297","0.2742319703102112","0.86","0.8613812863918813","0.8627625727837624"
"happy-sweep-102","0.00022006741878740575","32","0.05","0.00038281361834002016","0.00001480546519198436","1.2468644380569458","0.9999997177526998","0.8542723766998174","0.8551606297312404","0.8560488827626633","0.22063204646110535","0.842","0.8521831462370548","0.8623662924741096"
"lucky-sweep-101","0.0003109524511012689","64","0.1","0.00005924290721528266","0.00040890299059204816","1.923545241355896","0.999999460552842","0.6628780190785468","0.7267618509272826","0.7906456827760183","0.6541699171066284","0.664","0.7316371991170236","0.7992743982340472"
"rare-sweep-100","0.0000523383919135363","64","0.15","0.0006282692227075474","0.00001913767038853797","","","","","","","","",""
"soft-sweep-99","0.0001005124359434392","32","0.1","0.00034761352160798736","0.000032892619821405053","1.3004987239837646","0.9999996299788272","0.8682768418916176","0.871662816866352","0.8750487918410865","0.2627478539943695","0.86","0.8604762564948434","0.8609525129896868"
"electric-sweep-98","0.00012461736903288578","32","0.05","0.0005617493149754144","0.000013276258614684588","1.1542373895645142","0.9999998308057632","0.8733509234828496","0.8783986480912633","0.8834463726996771","0.14343984425067902","0.86","0.864037845989938","0.8680756919798762"
"rural-sweep-97","0.0001317439294470121","32","0.05","0.0005697351355313572","0.000019939100251615457","1.160807490348816","0.9999995928481796","0.8601583113456465","0.8605100458237662","0.8608617803018859","0.14911586046218872","0.842","0.8546275365674565","0.8672550731349131"
"stellar-sweep-96","0.00016756236917790044","64","0.05","0.00033197513861757524","0.000011761315147530605","1.5869767665863037","0.9999995970624956","0.8526486705906231","0.8548423630016253","0.8570360554126275","0.4618307948112488","0.856","0.856774268687928","0.8575485373758562"
"comic-sweep-95","0.00008808016850471348","32","0.05","0.0007809453438080852","0.000024474947616248287","1.149161696434021","0.999999735348488","0.8701035112644612","0.8725981883308632","0.8750928653972653","0.13903263211250305","0.866","0.8690167347048503","0.8720334694097006"
"fearless-sweep-94","0.0000944957891066462","64","0.05","0.0005749539145415484","0.000011347609633527225","1.3851995468139648","0.99999939318624","0.8648264664095798","0.8667064076993448","0.8685863489891098","0.3258441388607025","0.842","0.852295509999013","0.8625910199980262"
"expert-sweep-93","0.00005671983932914873","128","0.2","0.0008988805235266453","0.000011148316315735868","1.547895908355713","0.9999995001130304","0.8563020093363102","0.8571898157577371","0.858077622179164","0.4368964731693268","0.856","0.8531799931943254","0.8503599863886506"
"easy-sweep-92","0.00006677189140017442","32","0.1","0.0004584714691186882","0.000020279456721967063","1.2251789569854736","0.9999997710202756","0.8749746295920439","0.875877038575839","0.8767794475596341","0.2030869722366333","0.842","0.8526543996608726","0.8633087993217453"
"likely-sweep-91","0.00005164010683579122","32","0.2","0.0009890869875741177","0.000045614127907476386","1.1990412473678589","0.9999996980175276","0.8550842297544144","0.86013628922829","0.8651883487021654","0.1815222799777985","0.846","0.8583791611455069","0.8707583222910138"
"hardy-sweep-90","0.00006601629688774597","32","0.05","0.0004911780482467361","0.000015950865841479014","1.2717697620391846","0.999999571094676","0.8705094377917597","0.875388342751984","0.8802672477122082","0.24040952324867249","0.856","0.8598884576685633","0.8637769153371265"
"sweet-sweep-89","0.00005321915285517777","32","0.05","0.0005410640993798872","0.000023923735507793265","1.17728590965271","0.9999997725706716","0.8711183275827076","0.8759016599562687","0.8806849923298298","0.16321168839931488","0.848","0.8566633547881803","0.8653267095763607"
"generous-sweep-88","0.00024156478515545025","32","0.05","0.0006008998859736292","0.000027923450059650375","1.2084736824035645","0.9999996959224418","0.867870915364319","0.8668253307405301","0.8657797461167412","0.1893582344055176","0.856","0.8600630284035327","0.8641260568070652"
"effortless-sweep-87","0.000057692452504287576","32","0.05","0.0005464389820965375","0.00001233102309614436","1.201576590538025","0.9999997306801316","0.8729449969555511","0.8771322817753012","0.8813195665950514","0.18363451957702637","0.85","0.8552462727020466","0.8604925454040931"
"confused-sweep-86","0.0009351692473437746","64","0.2","0.0003748459672550517","0.00001076660968242735","1.399217128753662","0.9999994668320564","0.8461538461538461","0.8475623487558255","0.8489708513578049","0.33591294288635254","0.836","0.8471350189338687","0.8582700378677375"
"electric-sweep-85","0.00008082949871243334","32","0.05","0.000489961340422976","0.00004166862294522574","1.2580039501190186","0.9999997137482282","0.872133143900954","0.8772107507566876","0.8822883576124213","0.2295263558626175","0.84","0.8519890369387761","0.8639780738775522"
"worldly-sweep-84","0.00007633715927735778","32","0.05","0.00029697642198132365","0.00001089503428109411","1.3845309019088743","0.9999998317746004","0.8650294296732292","0.8684040964491988","0.8717787632251686","0.32536137104034424","0.848","0.8556096397669584","0.8632192795339169"
"eager-sweep-83","0.00008226552587056714","32","0.05","0.0008752512583070821","0.000010192593214057994","1.1373318433761597","0.9999994368664432","0.8632027603003857","0.86408202189995","0.8649612834995143","0.12868504226207733","0.854","0.8544796865220429","0.8549593730440858"
"light-sweep-82","0.00011674891241164004","32","0.05","0.0007027060560865108","0.000020408412814238107","1.1877727508544922","0.9999996563608315","0.8629997970367363","0.8643316593349242","0.8656635216331121","0.17207998037338257","0.85","0.8563551200890094","0.8627102401780189"
"bright-sweep-81","0.00006640928739022469","32","0.1","0.0002781443045410603","0.000013802646082438906","1.4692354202270508","0.9999997283448498","0.8634057235640349","0.8667584364424261","0.8701111493208172","0.3847421109676361","0.854","0.8597293867690219","0.8654587735380439"
"gentle-sweep-80","0.0001102026584459124","32","0.05","0.00028706496156984227","0.000014117563281421068","1.402005910873413","0.9999998295539054","0.8642175766186321","0.8680399254344042","0.8718622742501764","0.33790403604507446","0.852","0.8579626023302486","0.8639252046604972"
"wandering-sweep-79","0.00012470071950512654","32","0.05","0.0007486421478762899","0.00001736712383856183","1.1685473918914795","0.9999998744141556","0.8660442459914756","0.8663939001210463","0.866743554250617","0.15576139092445374","0.852","0.857960857517186","0.8639217150343721"
"fast-sweep-78","0.00006957682095024822","64","0.1","0.000616274039461939","0.000011028057306781896","1.4057693481445312","0.9999995090895925","0.8652323929368785","0.8658966085885167","0.8665608242401549","0.3405846953392029","0.838","0.8489358158840365","0.859871631768073"
"desert-sweep-77","0.00009801290278782102","32","0.05","0.000818984683954017","0.000015844111795254904","1.22686767578125","0.9999998213936544","0.869291658209864","0.8716157467251582","0.8739398352404525","0.20446428656578064","0.852","0.8620973218639864","0.8721946437279727"
"efficient-sweep-76","0.00006695078953395723","32","0.05","0.0004255179234123863","0.000017543925044544705","1.2408404350280762","0.9999996484256828","0.8733509234828496","0.8747160715665396","0.8760812196502296","0.21578893065452576","0.852","0.8574634373644181","0.8629268747288363"
"elated-sweep-75","0.0001113029979068574","32","0.05","0.00029967015480880497","0.000011725064081619496","1.3605753183364868","0.9999997448290648","0.8650294296732292","0.8686770795906895","0.8723247295081498","0.30790767073631287","0.85","0.8567783713177284","0.8635567426354569"
"worthy-sweep-74","0.00006836585801944918","32","0.05","0.0003521061227330927","0.00002321258841089891","1.3152711391448977","0.999999681896386","0.8694946214735133","0.8715851068157432","0.8736755921579731","0.27404287457466125","0.848","0.8541371151505441","0.8602742303010883"
"decent-sweep-73","0.00008670522321582307","32","0.1","0.0002853894522544888","0.00001351894779169516","1.4270225763320925","0.9999998252214982","0.8625938705094378","0.8662638451833135","0.8699338198571891","0.35559019446372986","0.858","0.8610070880525229","0.8640141761050457"
"curious-sweep-72","0.00005503798121201614","32","0.05","0.0002130313729433187","0.00004030032228327687","1.57583749294281","0.9999996982875786","0.8563020093363102","0.860625450320809","0.8649488913053077","0.45478689670562744","0.854","0.8575991496453224","0.8611982992906446"
"dainty-sweep-71","0.00014676333332724388","32","0.05","0.0005751200987585958","0.00008695141170768146","1.2282485961914062","0.9999997174631056","0.8644205398822813","0.8634672261705254","0.8625139124587696","0.20558932423591617","0.844","0.8531738268203626","0.8623476536407252"
"rose-sweep-70","0.00005629991629050434","32","0.1","0.00032696922846846803","0.000019332379603158207","1.3797028064727783","0.9999997883469348","0.8688857316825654","0.8700946166272772","0.8713035015719889","0.3218681216239929","0.856","0.8595666555536738","0.8631333111073476"
"eager-sweep-69","0.00005247362279565063","32","0.05","0.00045681055992192126","0.00001286845511233622","1.2571065425872805","0.999999666850782","0.8747716663283945","0.8762761681506162","0.8777806699728379","0.22881263494491577","0.842","0.8509210503063795","0.8598421006127591"
"trim-sweep-68","0.0001224248442537114","32","0.05","0.0004851096729454891","0.000019117512014367272","1.1594685316085815","0.9999996426059472","0.8739598132737975","0.87729157821641","0.8806233431590226","0.14796170592308044","0.852","0.8574339554640753","0.8628679109281505"
"giddy-sweep-67","0.00006690210520546868","32","0.05","0.0005951297290587104","0.000015586697431270274","1.1175355911254885","0.9999993652418158","0.8591434950274001","0.8602097666326244","0.8612760382378487","0.11112593114376068","0.842","0.8536744300215924","0.8653488600431848"
"driven-sweep-66","0.0001559048701258304","32","0.05","0.00027236920271412295","0.000012014561093428686","1.4055724143981934","0.9999998033949862","0.8625938705094378","0.8667497167794102","0.8709055630493825","0.3404446244239807","0.852","0.8577875341977698","0.8635750683955395"
"breezy-sweep-65","0.0001284285170126741","32","0.05","0.0008546564892242891","0.000015065982082634371","1.1185848712921145","0.9999996122255076","0.8664501725187741","0.8688019030293266","0.871153633539879","0.11206436157226562","0.85","0.854259307606602","0.8585186152132039"
"ruby-sweep-64","0.0001445356117231434","32","0.05","0.0005778399426533447","0.000023207820059234576","1.1887987852096558","0.9999997559379428","0.8780190785467831","0.8813270495657528","0.8846350205847224","0.1729433834552765","0.854","0.8612805280663673","0.8685610561327346"
"copper-sweep-63","0.00009440966194425566","32","0.05","0.0004741258355852229","0.000045654777419372306","1.24803364276886","0.9999997165936032","0.8701035112644612","0.8752266021340962","0.8803496930037312","0.2215691953897476","0.844","0.8542333924024251","0.8644667848048503"
"worldly-sweep-62","0.00010801016085996974","32","0.05","0.000509725472050139","0.00002939114337769405","1.1736488342285156","0.9999996195621637","0.8729449969555511","0.8772245912550105","0.88150418555447","0.16011756658554077","0.846","0.8553250279796435","0.864650055959287"
"absurd-sweep-61","0.00009213805367124698","32","0.1","0.0004915419638007766","0.000014590885617716627","1.1946510076522827","0.9999995621941616","0.8617820174548406","0.8604634586259049","0.8591448997969692","0.17785412073135376","0.834","0.8504505186295009","0.8669010372590019"
"hearty-sweep-60","0.00006343368836975004","64","0.05","0.0008630501566608502","0.000012269371521638578","1.2353867292404177","0.9999998722684568","0.867870915364319","0.8699852851426297","0.8720996549209404","0.2113840878009796","0.856","0.8599759954128543","0.8639519908257085"
"swift-sweep-59","0.00010736138812607364","64","0.05","0.0006972586844904166","0.000021636902641291733","1.3167182207107544","0.9999994938264516","0.8548812664907651","0.8542285292677698","0.8535757920447745","0.2751424014568329","0.836","0.8482176197409095","0.8604352394818191"
"fresh-sweep-58","0.00005908604315468842","32","0.05","0.0004596845280463011","0.000014530517837529413","1.2563483715057373","0.9999996131190786","0.879439821392328","0.8785430616800157","0.8776463019677034","0.22820940613746643","0.85","0.8582245397325112","0.8664490794650226"
"avid-sweep-57","0.00009751532311981409","32","0.05","0.0005299205715782631","0.000011370154772082452","1.1610660552978516","0.9999995343189506","0.8759894459102903","0.8791841413927197","0.8823788368751492","0.1493385136127472","0.846","0.8560163331871973","0.8660326663743946"
"dark-sweep-56","0.00005449055059070801","32","0.05","0.0009168780920924204","0.00001812973341431785","1.0837904214859009","0.9999993470906876","0.86198498071849","0.8639510890873119","0.8659171974561339","0.08046460151672363","0.846","0.851573927195397","0.8571478543907942"
"distinctive-sweep-55","0.00006627605374386797","32","0.05","0.0008374714289817271","0.00009136637626518084","1.1211061477661133","0.9999993384087378","0.8621879439821393","0.86667199513013","0.8711560462781207","0.11431583762168884","0.844","0.8548769681910191","0.8657539363820381"
"iconic-sweep-54","0.000053051355452508536","32","0.1","0.000869669720154072","0.000012782450519336849","1.1763718128204346","0.9999997366693868","0.8701035112644612","0.8724367323189561","0.874769953373451","0.16243502497673035","0.864","0.8616682101440811","0.8593364202881622"
"leafy-sweep-53","0.00007027347921878233","128","0.1","0.0009266064003433216","0.000010024831719866448","1.511469841003418","0.9999995204334298","0.8593464582910493","0.8599861725527298","0.8606258868144102","0.4130825996398926","0.856","0.8542270364190252","0.8524540728380505"
"avid-sweep-52","0.00005423431145314082","32","0.05","0.0004032195895034562","0.0000420750239692361","1.2579749822616575","0.9999995385386476","0.8741627765374467","0.8744298805636179","0.8746969845897893","0.22950327396392825","0.864","0.8642634783686615","0.8645269567373229"
"ancient-sweep-51","0.00005970951505709727","32","0.05","0.0007995086458848893","0.000019854133293936086","1.1602193117141724","0.9999996916152224","0.8761924091739395","0.8764106506415268","0.8766288921091141","0.1486090123653412","0.852","0.8546921904939188","0.8573843809878375"
"glorious-sweep-50","0.00010440226515493866","32","0.1","0.0009232608041176186","0.00001268399032517494","1.177324295043945","0.9999998766254594","0.8548812664907651","0.8557142549724799","0.8565472434541946","0.16324427723884585","0.836","0.8447438801224443","0.8534877602448887"
"worldly-sweep-49","0.00005480457147151225","32","0.2","0.0008415460484134462","0.000011967105934927636","1.128030776977539","0.9999994395562124","0.8615790541911914","0.8638744647037271","0.8661698752162628","0.1204734593629837","0.834","0.8487246593588786","0.8634493187177573"
"playful-sweep-48","0.00006056004343094347","64","0.05","0.0008451612170339685","0.0000104995348954253","1.1882989406585691","0.9999995347503065","0.8686827684189162","0.8702347351540548","0.8717867018891934","0.17252285778522491","0.858","0.8595395756664538","0.8610791513329076"
"breezy-sweep-47","0.00005336495434449226","64","0.2","0.0008548933822289773","0.00002284248037547536","1.239490628242493","0.9999996742095142","0.8654353562005277","0.8675388470586161","0.8696423379167043","0.21470054984092712","0.838","0.8487170912592583","0.8594341825185167"
"earnest-sweep-46","0.0009553283277786804","32","0.15","0.0006329927941373885","0.000013339750433641111","1.1815754175186155","0.9999995878876288","0.8686827684189162","0.8713812231976928","0.8740796779764695","0.16684862971305847","0.852","0.8599172140545501","0.8678344281091003"
"logical-sweep-45","0.00005476371202857813","32","0.05","0.0009314962091494832","0.000016261559665105806","1.1262128353118896","0.9999995826364322","0.8701035112644612","0.8706569107994269","0.8712103103343926","0.11886056512594224","0.86","0.8604293483838414","0.860858696767683"
"snowy-sweep-44","0.000056195606537931425","64","0.05","0.000911599919998889","0.00002019409621871158","1.194488525390625","0.99999962825968","0.8705094377917597","0.8727004988595388","0.8748915599273178","0.1777181178331375","0.844","0.8530029532172696","0.8620059064345391"
"twilight-sweep-43","0.000059750015802744674","64","0.2","0.0008637946004013453","0.000019567282752437872","1.2334344387054443","0.9999996574487204","0.8642175766186321","0.8684937605100413","0.8727699444014506","0.20980246365070343","0.838","0.8527315443631596","0.867463088726319"
"eager-sweep-42","0.0000657682978106895","32","0.1","0.000803240127838138","0.000011782981454533436","1.2180334329605105","0.9999997746690688","0.8646235031459306","0.8689438330231287","0.8732641629003267","0.1972375512123108","0.858","0.8641083152305163","0.8702166304610327"
"lyric-sweep-41","0.0000700677191997951","64","0.15","0.0008261930103511521","0.00002284354112127965","1.2134846448898315","0.9999995804893786","0.8699005480008118","0.869443665268275","0.8689867825357381","0.19349604845046997","0.848","0.8537099067069785","0.8594198134139571"
"eager-sweep-40","0.00005993558495851665","64","0.15","0.000895268120694141","0.000017291555864865545","1.1931962966918943","0.9999995209080044","0.869291658209864","0.8715067982024336","0.8737219381950032","0.17663568258285522","0.844","0.8532993322934785","0.8625986645869572"
"silver-sweep-39","0.00006460861198852374","32","0.15","0.0007840213911570339","0.000028049921083798245","1.124667048454285","0.9999996091781072","0.8611731276638929","0.8645214037281543","0.8678696797924158","0.11748704314231873","0.848","0.8576167705037203","0.8672335410074407"
"super-sweep-38","0.00005254535985799451","64","0.1","0.0009692450467867202","0.000011213266490881926","1.1903202533721924","0.9999997085781848","0.8719301806373047","0.8737645208632161","0.8755988610891275","0.17422239482402802","0.836","0.8485993504038228","0.8611987008076457"
"wandering-sweep-37","0.00005745164426225071","64","0.2","0.0009081352557005308","0.000023989675776008252","1.2027339935302734","0.9999995137453056","0.8599553480819971","0.8650307263249071","0.8701061045678169","0.1845972836017609","0.836","0.8490400694603089","0.8620801389206179"
"pious-sweep-36","0.00006910485350814149","64","0.05","0.0009486693989717692","0.000010302213759432798","1.1811479330062866","0.9999997882523644","0.8674649888370205","0.871631935304024","0.8757988817710277","0.16648676991462708","0.844","0.8543528476996056","0.8647056953992113"
"misunderstood-sweep-35","0.00013288468602120804","32","0.15","0.0008946149833183557","0.000027006058703154153","1.117084503173828","0.9999995947197852","0.8579257154455043","0.8590358100980835","0.8601459047506628","0.11072222888469696","0.844","0.8546703854725766","0.8653407709451533"
"hardy-sweep-34","0.0007918767632546385","32","0.2","0.0009415364883647978","0.000011254644314646347","1.1951323747634888","0.9999997497471612","0.8560990460726609","0.861571666040186","0.8670442860077111","0.17825691401958466","0.846","0.853411089425729","0.860822178851458"
"kind-sweep-33","0.00006649748446383027","32","0.2","0.0009749293857574482","0.000013166078969802085","1.173588752746582","0.999999744288594","0.8646235031459306","0.8648852846290224","0.8651470661121141","0.16006644070148468","0.858","0.8591763002762368","0.8603526005524736"
"breezy-sweep-32","0.00006745749384365339","64","0.15","0.0009543451715539831","0.000014700528500698567","1.1923285722732544","0.9999996735598828","0.8705094377917597","0.8735521863022859","0.876594934812812","0.1759081780910492","0.848","0.8545516793788063","0.8611033587576126"
"flowing-sweep-31","0.00006822799859672146","32","0.2","0.0007727334645929827","0.000012436199193995124","1.196069836616516","0.9999997342329252","0.8652323929368785","0.8660934144257344","0.8669544359145904","0.1790410727262497","0.848","0.8534473094966966","0.858894618993393"
"lively-sweep-30","0.0007512353406468492","64","0.2","0.0009060721722142422","0.000010064558672032536","1.185940504074097","0.9999996132917944","0.8709153643190582","0.8721654133011265","0.8734154622831948","0.17053616046905518","0.856","0.8630649938558975","0.8701299877117951"
"whole-sweep-29","0.00006391159034735392","32","0.15","0.0008396899756730836","0.000011703887438528404","1.19805645942688","0.9999996561773954","0.8713212908463568","0.874673076881582","0.8780248629168071","0.18070058524608612","0.842","0.8526923065016787","0.8633846130033576"
"crimson-sweep-28","0.0002786341463865177","64","0.15","0.0009730897243417124","0.00002268695852169329","1.1427838802337646","0.999999353223302","0.8731479602192003","0.8744525667201104","0.8757571732210206","0.13346728682518005","0.848","0.8575082029939547","0.8670164059879093"
"jolly-sweep-27","0.0006036148369726103","128","0.2","0.0009128587552454684","0.000011656931299024392","1.376731038093567","0.9999994322423","0.8638116500913334","0.8663334052549114","0.8688551604184895","0.31971192359924316","0.844","0.8496954338592321","0.8553908677184642"
"fragrant-sweep-26","0.00044977127580756745","32","0.2","0.0008367829251524154","0.00002104795764659254","1.2209289073944092","0.9999997664891354","0.8629997970367363","0.8652591781391941","0.8675185592416519","0.19961199164390564","0.842","0.853305675317704","0.8646113506354078"
"pretty-sweep-25","0.0007796452214888472","32","0.2","0.0005962599969530675","0.00002379508119116164","1.154186725616455","0.9999996136161912","0.8688857316825654","0.8749460906129378","0.8810064495433101","0.14339593052864075","0.856","0.8662067629516988","0.8764135259033977"
"woven-sweep-24","0.00019756295356894728","64","0.2","0.0008478905557122065","0.000015582859768562467","1.1972227096557615","0.9999999605042804","0.8548812664907651","0.8568972703789886","0.8589132742672119","0.18000447750091553","0.834","0.8485274628305736","0.8630549256611472"
"cosmic-sweep-23","0.000612063959822368","64","0.15","0.0009344231973117834","0.00001549804439560456","1.203932762145996","0.9999996824398828","0.8717272173736553","0.8744979324069239","0.8772686474401924","0.18559351563453672","0.856","0.857388814722924","0.858777629445848"
"azure-sweep-22","0.00005116963652205303","64","0.2","0.0009712406625637748","0.00002484491266005404","1.2893764972686768","0.9999998356608254","0.8699005480008118","0.8731592089433032","0.8764178698857946","0.2541586756706238","0.848","0.8561763737506702","0.8643527475013406"
"tough-sweep-21","0.0006796544023454278","32","0.05","0.0008724683808968086","0.000010165824473160252","1.1671545505523682","0.9999998575594808","0.8512279277450782","0.8605139788777623","0.8698000300104465","0.15456873178482056","0.864","0.861317878366868","0.858635756733736"
"lemon-sweep-20","0.0007527692966318835","64","0.15","0.0006947135065293578","0.000017213712615896095","1.222825288772583","0.9999997476912512","0.8727420336919017","0.8753295149540241","0.8779169962161465","0.20116399228572843","0.862","0.8636839707869923","0.8653679415739847"
"fallen-sweep-19","0.0009797697192577984","64","0.2","0.0008698094855882569","0.00001356262143996728","1.1723673343658447","0.9999995797742","0.8725390704282525","0.8739832689001676","0.8754274673720829","0.15902510285377502","0.852","0.8564315253007295","0.8608630506014592"
"different-sweep-18","0.0007289687530403602","32","0.2","0.0007425131597428854","0.000011794146807813342","1.2621686458587646","0.9999997523235962","0.8686827684189162","0.872635636432568","0.8765885044462199","0.23283135890960693","0.872","0.8741083235965084","0.8762166471930168"
"usual-sweep-17","0.0007311920406596489","32","0.2","0.0008311308030029996","0.00011804087745073088","1.1989564895629885","0.9999996453926132","0.8455449563628983","0.8562929170784652","0.867040877794032","0.1814515590667725","0.844","0.8534828429017876","0.8629656858035751"
"fancy-sweep-16","0.0007299595262260949","64","0.15","0.0009379432182013028","0.000018789179088025025","1.1564834117889404","0.9999995868167776","0.8690886949462148","0.8728587725324519","0.876628850118689","0.1453837752342224","0.84","0.8501890964707653","0.8603781929415307"
"iconic-sweep-15","0.0008056014446067098","32","0.2","0.0008669596048325819","0.000011620639134639658","1.1237337589263916","0.9999994615223884","0.8674649888370205","0.8718142775411376","0.8761635662452547","0.11665690690279008","0.846","0.858869196015364","0.8717383920307281"
"radiant-sweep-14","0.0005799395758510917","64","0.2","0.000955843064941345","0.000010942672469183933","1.185324788093567","0.9999996840368344","0.8696975847371625","0.8713216351968565","0.8729456856565503","0.17001685500144958","0.85","0.8572329700950854","0.8644659401901706"
"daily-sweep-13","0.0004786244864430224","32","0.15","0.000917796871046636","0.00001863660030923405","1.2237871885299685","0.9999997033745524","0.8585346052364522","0.8650191448449287","0.8715036844534051","0.20195025205612183","0.86","0.8648498971260279","0.8696997942520557"
"upbeat-sweep-12","0.00038413661254847026","32","0.05","0.0009367862630227622","0.0000412831596371008","1.1709814071655271","0.9999995624939552","0.8577227521818551","0.8592857713075034","0.8608487904331517","0.15784217417240143","0.824","0.8406687976926546","0.8573375953853092"
"noble-sweep-11","0.0007331015223890016","32","0.15","0.0008047677024871085","0.000010047768423803074","1.1440961360931396","0.999999765912952","0.8668560990460726","0.8721453320913282","0.8774345651365837","0.13461492955684662","0.86","0.8651285842337504","0.8702571684675008"
"smooth-sweep-10","0.00021348941883054008","32","0.2","0.0009560203234991328","0.000019440313750731403","1.177223563194275","0.9999997050649754","0.8625938705094378","0.8631517641946307","0.8637096578798236","0.16315877437591553","0.852","0.8541542707273042","0.8563085414546084"
"frosty-sweep-9","0.00047367411574531073","64","0.15","0.0008981194535572594","0.000010154425760962012","1.1856400966644287","0.999999689855572","0.8745687030647453","0.8768993205445934","0.8792299380244414","0.17028285562992096","0.848","0.8546645243309865","0.8613290486619729"
"polar-sweep-8","0.0006832331887336967","32","0.2","0.0009743288588450448","0.00003852009491834536","1.086207389831543","0.9999992938318176","0.8715242541100061","0.8703339268480443","0.8691435995860826","0.08269219100475311","0.854","0.8557160808348911","0.8574321616697822"
"jumping-sweep-7","0.00032303139339530314","32","0.1","0.0009403724750166612","0.0001511118054003966","1.1847344636917114","0.9999997886808812","0.8658412827278262","0.8642422998810908","0.8626433170343555","0.16951864957809448","0.854","0.8597808988469375","0.8655617976938752"
"robust-sweep-6","0.0000713619291459098","32","0.15","0.000987584377409535","0.00015222942559335953","1.158380150794983","0.999999715000842","0.8642175766186321","0.8632587819244074","0.8622999872301828","0.1470225751399994","0.852","0.8563089503650361","0.8606179007300722"
"sweepy-sweep-5","0.0005508091546739303","32","0.1","0.000959680547318141","0.00003970306949953657","1.1635446548461914","0.999999664831782","0.8719301806373047","0.8739253120112082","0.8759204433851117","0.1514711081981659","0.862","0.8682499763859116","0.8744999527718232"
"dainty-sweep-4","0.00017946549898482968","64","0.1","0.0008674676451272223","0.0001660001682845628","1.1982357501983645","0.9999995790804737","0.8701035112644612","0.8717047927406119","0.8733060742167624","0.18085026741027832","0.864","0.8630624730467773","0.8621249460935546"
"driven-sweep-3","0.0001980740859856364","256","0.1","0.00006315158128112289","0.00024264013380858863","2.7913308143615723","0.9999996433379904","0.6062512685203978","0.648835072368656","0.6914188762169142","1.02651846408844","0.6","0.6204321522684842","0.6408643045369685"
"fluent-sweep-2","0.00014174727439125295","64","0.1","0.0009769243059455865","0.0003787196652978831","1.1640057563781738","0.9999994917161584","0.8727420336919017","0.874958599379803","0.8771751650677042","0.15186724066734314","0.85","0.8586388406869593","0.8672776813739186"
"sparkling-sweep-1","0.0004300115238087103","32","0.15","0.00039772633704033633","0.00003594536816243496","1.2121609449386597","0.9999996201486556","0.8589405317637507","0.8612452813948367","0.8635500310259226","0.19240470230579376","0.846","0.8556538122883179","0.865307624576636"